station_id,country,name,lat,lng,units,lw,mw,hw,rivers
201038,AT,"Lech @ Grießau",47.298,10.4631,cm,110,150,230,"Lech / Steeg - Stanzach"
201053,AT,"Hornbach @ Vorderhornbach (Brücke)",47.368599,10.538,cm,115,125,None,"Hornbach / Oberer | Hornbach / Unterer"
201095,AT,"Isar @ Scharnitz (Weidach)",47.389599,11.264,cm,115,135,160,"Isar / Oberste (Hinterautal - Scharnitz)"
201293,AT,"Inn @ Landeck Perjen",47.146999,10.5714,cm,280,300,330,"Inn / Unteres Gericht (Fliess - Urgen) | Inn / Urgen - Landeck"
201350,AT,"Rofenache @ Vent",46.857201,10.9109,cm,None,None,None,"Rofner Ache / Schlucht (Hochjochhospiz-Rofenhöfe)"
201368,AT,"Venter Ache @ Vent (altes Feuerwehrhaus)",46.859501,10.9146,cm,50,60,70,"Venter Ache / Heilligkreuz-Schlucht | Venter Ache / Untere (P4 - Zwieselstein) | Venter Ache / Obere (Vent - Strassenbrücke)"
201376,AT,"Gurgler Ache @ Obergurgl",46.8689,11.0222,cm,50,65,None,"Gurgelener Ache / Obergurgl - Liftparkplatz Pill | Gurgelener Ache / Strassenbrücke - Sahnestüberl | Gurgelener Ache / Sahnestüberl - Zwieselstein"
201384,AT,"Ötztaler Ache @ Sölden",46.9776,11.0117,cm,None,None,None,"Ötztaler Ache / Kühtrain Schlucht | Ötztaler Ache / Obere (Sölden - Bruggen)"
201434,AT,"Ötztaler Ache @ Tumpen",47.163101,10.9105,cm,200,225,240,"Ötztaler Ache / Mittlere (Au - Köfelser Brücke):200:225:240 | Ötztaler Ache / Köfelser Strecke (Brücke - Umhausen):200:230:265 | Ötztaler Ache / Achestürze (Tumpen - Habichen) | Ötztaler Ache / Wellerbrücke (Habichen - Oetz):180:200:215 | Ötztaler Ache / Untere (Oetz - Haiming):190:230:280"
201459,AT,"Inn @ Magerbach",47.2593,10.8759,cm,200,300,400,"Inn / Imsterschlucht (Imst - Haiming)"
201566,AT,"Gschnitzbach @ Steinach am Brenner",47.092899,11.4651,cm,190,195,210,"Gschnitzbach / Gschnitz - Trins | Gschnitzbach / Trins - Steinach"
201574,AT,"Sill @ Puig (Matrei am Brenner)",47.113098,11.4524,cm,145,160,170,"Sill / Mittlere"
201624,AT,"Sill @ Innsbruck Reichenau",47.2729,11.4115,cm,290,330,400,"Sill / Untere"
201822,AT,"Brandenberger Ache @ Mariathal",47.4543,11.865,cm,80,100,130,"Valepp /  | Brandenberger Ache / Kaiserklamm | Brandenberger Ache / Pineggerklamm + Wiesklamm | Brandenberger Ache / Tiefenbachklamm | Brandenberger Ache / Unterlauf"
201848,AT,"Kelchsauer Ache @ Hörbrunn",47.420601,12.1397,cm,None,None,None,"Kelchsauer Ache / Mauthaus - Campingplatz | Kelchsauer Ache / Langer Grund - Mauthaus"
201897,AT,"Weissache @ Kaiserwerk",47.542198,12.1777,m³/s,3,5,None,"Weissache / Klamm"
201913,AT,"Kitzbüheler Ache @ Kitzbühel (Bahnhofsbrücke)",47.454899,12.3894,m³/s,5,None,None,"Kitzbüheler Ache / Jochberg Ache | Kitzbühler Ache / Unterlauf"
201947,AT,"Fieberbrunner Ache @ Almdorf",47.5196,12.4412,cm,125,140,175,"Fieberbrunner Ache / Standardstrecke"
202036,AT,"Sanna @ Landeck Bruggen",47.143398,10.5628,cm,195,240,260,"Sanna / Unterhalb Zusammenfluss - Landeck"
202127,AT,"Leutascher Ache @ Leutasch (Klamm)",47.3634,11.1126,m³/s,2.5,5.5,None,"Leutascher Ache / Schlucht (Gaistal)"
202218,AT,"Windauer Ache @ Unterwindau",47.4342,12.176,cm,95,120,145,"Windauer Ache / Mauthaus - Lendwirt"
202226,AT,"Namlosbach @ Stanzach",47.383499,10.5631,cm,None,None,None,"Namlosbach / Klamm"
202283,AT,"Ruetz @ Krössbach",47.080299,11.2661,cm,110,120,130,"Ruetz / Oberste | Ruetz / Neustift - Fulpmes | Ruetz / Wasserfallstrecke"
202523,AT,"Drau @ Arnbach",46.7411,12.3726,cm,None,None,None,"Drau / Hof - Abfaltersbach"
202564,AT,"Rosanna @ St Anton am Arlberg-Salzhütte",47.096401,10.2129,cm,25,35,40,"Rosanna / Oberste: Oberhalb Verwallsee"
202622,AT,"Aschauer Ache @ Kirchberg in Tirol",47.446499,12.3143,cm,None,None,None,"Reither Ache / Aschau - Kirchberg | Kirchberger Ache / Unterlauf"
202754,AT,"Villgratenbach @ Heinfels",46.7542,12.4359,cm,160,170,180,"Villgratenbach / Standardstrecke"
212043,AT,"Isel @ Hinterbichl",47.015301,12.337,cm,75,85,90,"Isel / Virgenschlucht | Isel / Durchbruchsschlucht (Bobojach - Gries) | Isel / Hintere Isel"
212084,AT,"Tauernbach @ Prossegg",47.014999,12.5304,cm,None,None,None,"Tauernbach / Prosseggklamm | Tauernbach / Standardstrecke | Tauernbach / Tauernschlucht | Tauernbach / Oberer"
212100,AT,"Schwarzach @ Hopfgarten in Defereggen-Zwenewald",46.917599,12.5115,cm,45,60,75,"Defereggenbach (Schwarzach) / Unterer | Defereggenbach (Schwarzach) / Tunnelstrecke | Defereggenbach (Schwarzach) / Standardstrecke | Defereggenbach (Schwarzach) / Wasserfallstrecke | Defereggenbach (Schwarzach) / Oberster"
212142,AT,"Kalserbach @ Staniska",46.953999,12.6159,cm,45,55,65,"Kalserbach / Durchbruch | Kalserbach / Knopfbrücke - Parkplatz mit Wasserfall"
230706,AT,"Melach @ In der Au",47.225201,11.2327,cm,60,65,75,"Melach / Obere | Melach / Standardstrecke"
231092,AT,"Drau @ Lienz Falkensteinsteg",46.817902,12.7596,cm,50,70,80,"Drau / Thal - Gailitzenklamm"
297005,AT,"Pitze @ Wasserfassung Wenns",47.158298,10.7374,cm,48,60,70,"Pitzbach / Kitzgartenschlucht (Hairlach - Wiesle)"
297069,AT,"Wildschönauer Ache @ Kundl",47.4669,11.9886,cm,215,None,None,"Wildschönauer Ache / Kundler Klamm"
297087,AT,"Trisanna @ Ischgl Platt",47.028301,10.3145,cm,140,160,None,"Trisanna / Ischgl - See"
by.11418250,AT,"Breitach @ Tiefenbach",47.417198,10.2544,m³/s,11,18,25,"Breitach / Obere (Riezlern, Camping Zwerwald - Schwarzachmündung/Schwendeschlucht | Breitach / Klammende - Fischen | Schwarzwasser / Mahdtalhaus - Breitach Mündung | Breitach / Obere (Bödmen - Camping Zwerwald) | Breitach / Obere (Schwarzachmündung/Schwendeschlucht - Breitachklamm)"
by.16000708,AT,"Isar @ Mittenwald",47.443298,11.2709,cm,100,170,None,"Isar / Obere (Scharnitz - Camping Isarhorn)"
by.16001303,AT,"Isar @ Rißbachdüker",47.553398,11.4181,m³/s,9,15,30,"Isar / Kanada (Krün - Vorderriß)"
by.16003003,AT,"Isar @ Lenggries",47.6842,11.5719,m³/s,10,45,150,"Isar / Isarburg (Sylvensteinspeicher - Arzbach)"
by.16124950,AT,"Leutasch @ Mittenwald",47.4272,11.2531,m³/s,10,None,None,"Leutascher Ache / Standard (Klamm - Telfs)"
by.16145008,AT,"Rißbach @ Rißbachklamm",47.518002,11.4424,cm,125,134,142,"Fermersbach /  | Rißbach / Standard (Hinterriß - Klamm) | Rißbach / Rißbachklamm"
by.16163000,AT,"Dürrach @ Dürrach",47.553299,11.5393,cm,None,None,None,"Krottenbach /  | Dürrach / "
by.16166008,AT,"Walchen @ Walchen",47.5825,11.6067,m³/s,12,17,23,"Walchen / Wasserfallstrecke | Walchen / untere Klamm"
by.16401006,AT,"Loisach @ Garmisch o. d. Partnachmündung",47.483398,11.0633,cm,120,130,150,"Loisach / Obere | Loisach / Mittlere | Loisach / Griesenschlucht"
by.16612001,AT,"Ammer @ Peißenberg",47.778301,11.0574,m³/s,8,18,58,"Ammer / Obere (Scheibum) | Ammer / Untere"
by.16615203,AT,"Halbammer @ Unternogg",47.644402,10.9659,m³/s,8,15,23,"Halbammer / "
by.18182005,AT,"Kieferbach @ Bleyerbrücke",47.613899,12.1566,m³/s,7,12,16,"Thierseer Ache / Landl - Gasthaus Wachtl"
by.18458503,AT,"Schwarzlofer @ Reit im Winkl",47.665901,12.4979,m³/s,4.5,7,11,"Wössener Bach / Hammerer Schlucht | Schwarzlofer / "
by.18462205,AT,"Prien @ Aschau",47.780602,12.3238,cm,70,90,None,"Grattenbach / Sturzbach | Prien / Grattenbach - Aschau"
by.18601006,AT,"Salzach @ Golling",47.596401,13.1642,cm,60,80,95,"Salzach / Salzachöfen"
by.18622006,AT,"Ramsauer Ache @ Ilsank",47.613998,12.9532,m³/s,5,10,20,"Ramsauer Ache / Standardstrecke | Ramsauer Ache / Zauberwald | Ramsauer Ache / Marxenklamm"
by.18625004,AT,"Königsseer Ache @ Schwöbbrücke",47.616402,12.997,cm,90,115,160,"Königsseer Ache / Königsee - Mündung Ramsauer Ache | Königsseer Ache / Wasserfall"
by.18640802,AT,"Saalach @ Weißbach",47.5214,12.7494,m³/s,15,40,80,"Saalach / Luftensteinklamm"
by.18642003,AT,"Saalach @ Unterjettenberg",47.681198,12.8229,m³/s,10,50,75,"Saalach / Slalom Lofer | Saalach / Lofer-Schlucht | Saalach / Au - Unken"
ktn.2,AT,"Lieser @ Spittal-Fasan",46.807701,13.4963,cm,150,180,200,"Lieser / Lieserschlucht | Lieser / Nickelbauerbrücke - Seebach | Lieser / Gmünd - Alterberg"
ktn.4,AT,"Vellach @ Miklauzhof",46.536999,14.5937,cm,None,None,None,"Vellach / Rechberger Schlucht"
ktn.6,AT,"Malta @ Sandriesen",46.911999,13.532,m³/s,16,None,None,"Malta / Wasserspiele"
ktn.7,AT,"Gail @ Maria Luggau-Moos",46.702702,12.7406,cm,45,75,95,"Gail / Untere, Birnbaum/Nostra - Wehr vor Kötschbach | Gail / Mittlere, St. Lorenzen - Birnbaum/Nostra | Gail / Obere, Bichl - St. Lorenzen"
ktn.8,AT,"Gurk @ Weitensfeld-Ost",46.849499,14.1997,cm,110,130,145,"Gurk / Enge Gurk | Gurk / Gurkklamm"
ktn.9,AT,"Ebriachbach @ Bad Eisenkappel - Forsthaus",46.4893,14.5862,m³/s,None,None,None,"Trögerner Bach / Trögerner Klamm"
noe.207944,AT,"Kamp @ Zwettl (Bahnbrücke) (EVN)",48.610298,15.1723,cm,175,210,250,"Kamp / Roiten - Gschwendt"
noe.208462,AT,"Lainsitz @ Ehrendorf",48.757999,14.9618,cm,175,200,240,"Lainsitz (Lužnice) / Gmünd section"
noe.208579,AT,"Braunaubach @ Hoheneich",48.771301,15.0079,m³/s,8,12,20,"Braunaubach / Schrems section"
noe.208850,AT,"Große Erlauf @ Erlaufboden (EVN)",47.881199,15.2639,m³/s,8.5,18,24,"Erlauf / Vordere Tormäuer (Standardstrecke) | Erlauf / Erlaufmäuer (Erlaufklause - Erlaufboden) | Ötscherbach / Oberlauf (Schutzhaus Vorderötscher - Ötscherhias) | Ötscherbach / Unterlauf + Hintere Tormäuer (Ötscherhias - Erlaufboden)"
noe.209551,AT,"Ois @ Lunz am See (Seestraße)",47.8605,15.0312,m³/s,13,27.5,42,"Lassing / Klaus - Schloif"
ooe.0150,AT,"Maltsch @ Leopoldschlag",48.6171,14.5044,cm,200,210,220,"Maltsch (Malše) / Unterwald - Zettwing"
ooe.3475,AT,"Pesenbach @ Bad Mühllacken",48.364201,14.0645,cm,175,185,195,"Pesenbach / Gerling - Mühllacken"
ooe.3850,AT,"Große Rodl @ Zwettl an der Rodl",48.468201,14.2756,cm,165,185,200,"Große Rodl / Untere (Grammastetten - Rottenegg) | Große Rodl / Obere (Untergeng - Grammastetten) | Kleine Rodl / Stausee - Rottenegg"
ooe.4030,AT,"Traun @ Obertraun",47.564499,13.7215,cm,95,120,145,"Koppentraun / Bad Aussee - Koppenrast | Ödenseetraun / "
ooe.6270,AT,"Alm @ Penningersteg",48.052898,13.9227,cm,160,175,200,"Vorderer Rinnbach /  | Hinterer Rinnbach / "
ooe.8015,AT,"Laussabach @ Platzl",47.727699,14.64,cm,155,165,175,"Laussabach / Laussafall"
ooe.8130,AT,"Reichramingbach @ Reichraming",47.8862,14.4545,cm,90,110,130,"Reichraming / Schwarzer Bach - Haselbach | Reichraming / Grosse Schlucht (Haselbach - Rabenbach) | Reichraming / Grosse Schlucht (Rabenbach - Plaißabach) | Reichraming / Plaißabach - Reichraming"
ooe.8445,AT,"Piessling @ Roßleithen",47.705898,14.2694,cm,None,None,None,"Piessling / Oberlauf (Ursprung - Roßleithen) | Piessling / Unterlauf (Roßleithen - Wehr vor Teichl)"
ooe.8580,AT,"Steyrling @ Steyrling",47.805,14.1372,cm,None,None,None,"Steyrling / "
ooe.8620,AT,"Steyr @ Klaus an der Pyhrnbahn",47.830299,14.1593,cm,125,180,240,"Steyr / Klaus - Frauenstein | Steyr / Kraftwerk Agonitz - Haunoldmühle"
ooe.8790,AT,"Krumme Steyrling @ Molln",47.893799,14.2798,cm,100,120,140,"Krumme Steyrling / Bodinggraben - Jaidhaus | Krumme Steyrling / Breitenau - Mündung Steyr"
ooe.9160,AT,"Feldaist @ Kefermarkt",48.443199,14.5344,cm,150,170,200,"Feldaist / Irrgarten"
ooe.9220,AT,"Waldaist (Schwarze Aist) @ Weitersfelden",48.4716,14.7219,cm,165,180,190,"Waldaist / Riedlhammer Katarakt"
ooe.9420,AT,"Große Naarn @ Königswiesen (Ort)",48.4039,14.8395,cm,150,170,190,"Naarn / Obere | Schwarzaubach / Hörzenschlag - Königswiesen"
ooe.9480,AT,"Naarn @ Haid",48.208599,14.683,cm,220,240,250,"Naarn / Naarnschlucht"
rz.1159,AT,"Weißbach @ Schneizlreuth_Weißbach",47.693199,12.8015,cm,18,27,35,"Weißbach / Weißbachschlucht"
rz.1162,AT,"Auerbach @ Bad Trißl",47.658401,12.1541,m³/s,2.5,None,None,"Auerbach / Micro-creek section"
rz.1226,AT,"Mühlbach @ Mühlau",47.728001,12.3969,m³/s,3,4.5,5.5,"Mühlbach / Dalsenbach Wasserfall"
rz.1236,AT,"Lammer @ Aubach basin [estimated]",47.595299,13.2976,m³/s,8,11,None,"Aubach / "
rz.1249,AT,"Ruetz @ Kampl Fußgängersteg",47.125099,11.3302,cm,110,125,None,"Ruetz / Ruetzschlucht"
rz.1250,AT,"Gulling @ Aigen im Ennstal",47.525398,14.1483,m³/s,9,None,None,"Gulling / Eltlehen - Rohrer | Gulling / Rohrer - Hinterauer | Gulling / Obere Waldschlucht (Hinterauer - Mündung Mittereggenbach)"
rz.1251,AT,"Donnersbach @ Irdning",47.503399,14.0947,m³/s,None,None,None,"Donnersbach / Ausleitungsstrecke | Donnersbach / Klamm | Donnersbach / Oberlauf"
rz.1280,AT,"Mur @ Kendlbruck",47.069599,13.8816,cm,90,120,150,"Mur / Predlitz- St.Ruprecht ob Murau | Mur / St.Georgen am Kreischberg - Murau | Mur / Tamsweg- Predlitz"
rz.1301,AT,"Große Mühl @ Teufelmühle",48.546799,14.0297,cm,200,215,225,"Große Mühl / Untere"
rz.1302,AT,"Loferbach @ Lofer",47.584801,12.6977,cm,150,170,210,"Strubbach (Loferbach) / "
rz.1319,AT,"Kleinsölkbach @ Lattenpegel, Wiederlager",47.371899,13.9348,cm,None,None,None,"Kleine Sölk / Sagschneider - Stausee"
rz.1346,AT,"Kamp @ Stiefern",48.534698,15.6901,m³/s,9.5,18.5,35,"Kamp / Untere (Wegscheid - Steinegg)"
rz.1435,AT,"Lunzer See @ Lunz am See (Wassercluster)",47.851898,15.0424,m³/s,3,5,7,"Rothbach / Steile Meile"
rz.1441,AT,"Isel @ Brühl",46.975399,12.5499,cm,120,150,180,"Isel / Iselkatarakt | Isel / PreKaterakt"
rz.1444,AT,"Drau @ Lienz-Falkensteinsteg",46.817902,12.7596,m³/s,10,15,None,"Drau / Slalom Lienz"
rz.1447,AT,"Traun @ Ebelsberg",48.2481,14.3243,cm,140,170,190,"Traun / Ebelsberg playspot"
rz.1563,AT,"Mitterweißenbach @ Mitterweißenbach",47.7514,13.66,cm,None,None,None,"Mitterweissenbach / Höllbachfall + Klamm | Mitterweissenbach / Standardstrecke"
rz.1565,AT,"Kleine Mühl @ Obermühl",48.457298,13.9224,cm,None,None,None,"Kleine Mühl / Bruckwirt - Obermühl"
rz.1566,AT,"Mangfall @ Valley",47.895199,11.7835,cm,65,90,120,"Mangfall / Maxlmühle - Westerham | Mangfall / Thalham - Bruckmühle"
rz.1567,AT,"Triftbach linker Mühlkanal @ Bad Aibling",47.856602,12.0047,cm,170,None,None,"Triftbach / Little Shit Wave"
rz.1616,AT,"Lammer @ Obergäu",47.583698,13.182,cm,45,65,85,"Lammer / Lammeröfen"
rz.1617,AT,"Salzach @ Golling",47.595798,13.1635,cm,None,None,None,"Salzach / Kuchler Schwall"
rz.1669,AT,"Tiroler Achen @ Staudach",47.781399,12.4757,m³/s,10,35,100,"Kössener Ache / Entenlochklamm"
rz.1670,AT,"Isel @ St Johann im Walde (Brücke)",46.904499,12.6293,cm,160,220,300,"Isel / Untere, St. Johann im Walde - Lienz | Isel / Mittlere, Huben - St. Johann im Walde"
rz.1671,AT,"Rottach @ Rottach",47.691898,11.774,cm,None,None,None,"Rottach / Rottachfälle"
rz.1706,AT,"Steyr @ Kniewas",47.767399,14.1689,cm,100,130,160,"Steyr / Stromboding Fall - Gasthaus Steyrbrücke | Steyr / Stromboding Fall"
rz.1707,AT,"Rettenbach @ Grabenbachbrücke",47.693699,13.6881,cm,150,170,190,"Rettenbach / Oberlauf (Kanonenrohr) | Rettenbach / Standardstrecke"
sbg.203265,AT,"Lammer @ Schwaighofbrücke",47.573898,13.3847,m³/s,6,15,20,"Lammer / Obere (Annaberg - Lammeröfen)"
sbg.203463,AT,"Saalach @ Viehhofen",47.3657,12.7357,m³/s,5,12,19,"Saalach / Oberlauf (Jausern - Viehhofen)"
sbg.203901,AT,"Salzach @ Wallnerau",47.310101,13.1202,m³/s,25,70,None,"Salzach / Raftstrecke (Eschenau - Schwarzach)"
sbg.204180,AT,"Salzach @ Salzburg (Nonntaler Brücke)",47.7981,13.054,m³/s,200,250,300,"Salzach / Hardcore Wave"
stmk.1035,AT,"Enns @ Schladming",47.397202,13.6975,cm,100,130,175,"Enns / Mandling - Schladming"
stmk.1554,AT,"Enns @ Admont",47.5811,14.4621,m³/s,40,70,110,"Enns / Gesäuse-Eingang | Enns / Gstatterboden"
stmk.1730,AT,"Salza @ Wildalpen",47.6651,14.983,cm,170,220,270,"Salza / Mittellauf (Weichselboden - Fachwerk) | Salza / Unterlauf (Fachwerk - Eschau) | Salza / Campingplatzwelle, Wildalpen"
stmk.3770,AT,"Schwarze Sulm @ Schwanberg",46.755901,15.2044,m³/s,9,12,15,"Schwarze Sulm / Grabenjosl"
synthetic.1,AT,"Argenbach @ Untertobel [estimated]",47.2896,9.93,m³/s,6.5,8.5,10,"Argenbach / Oberer"
synthetic.16,AT,"Urschlauer Ache @ [estimated]",47.763199,12.6543,m³/s,5,None,None,"Urschlauer Ache / Eschelmoosklause - Uschlau"
synthetic.4,AT,"Subersach @ Unterhalb Stausee [geschätzt]",47.4347,9.9994,m³/s,7,11,15,"Subersach / Wasserhölzer (Sibratsgfäll - Lingenau)"
synthetic.5,AT,"Bolgenach @ Mündung [estimated]",47.502602,9.9211,m³/s,7,11,15,"Bolgenach / Untere (Bolgenachstausee - Weißach Talbrücke)"
vbg.V334387,AT,"Bolgenach @ Hittisau (VKW)",47.4627,9.9638,m³/s,15,22,28,"Bolgenach / Engenlochschlucht & Kommatobel (Reute - Stausee) | Bolgenach / Balderschwang - Strassenbrücke ob Hittisau | Bolgenach / Große Schlucht: Straßenbrücke oberhalb Hittisau - Eingang Engenlochschlucht"
vbg.V334402,AT,"Bregenzerach @ Hopfreben",47.2854,10.0475,m³/s,6,13,20,"Bregenzerach / Obere | Bregenzerach / Bad Hopfreben - Schalzbach"
vbg.V334420,AT,"Bregenzerach @ Mellau",47.354698,9.8811,m³/s,15,30,45,"Bregenzerach / Au - Bezau"
vbg.V334429,AT,"Bregenzerach @ Kennelbach",47.4762,9.7751,m³/s,30,80,150,"Bregenzerach / Kennelbacher (Bozenau - Kennelbach)"
vbg.V334504,AT,"Frutz @ Laterns",47.256901,9.7289,m³/s,4,5.5,7.5,"Frutz / Eingangschlucht | Frutz / Kernschlucht | Frutz / Innerlaternser Schlucht (Innerlaterns - Bonacker) | Frutz / Innerlaternser Schlucht Ergänzung (Bonacker - Laterns)"
vbg.V334546,AT,"Ill @ Lorüns-Äule",47.132801,9.8478,m³/s,7,14,22,"Ill / St. Gallenkircher (Gant - Galgenul) | Ill / Ill Katarakt | Ill / Schrunser"
vbg.V334597,AT,"Lech @ Lech (Tannbergbrücke)",47.207699,10.1408,m³/s,4.5,8.5,12,"Lech / Lechschlucht (Lech - Warth) | Lech / Warther Schlucht"
vbg.V334630,AT,"Litz @ Schruns (Vonbunweg)",47.080299,9.9137,m³/s,7,10,15,"Litzbach / Standardstrecke (Silbertal - Hölle) | Litzbach / Silbertal-1km"
vbg.V334648,AT,"Lutz @ Garsella",47.2267,9.8759,m³/s,9,13,17,"Lutzbach / Oberer | Lutzbach / Mittlerer"
vbg.V334654,AT,"Lutz @ Ludesch_HW",47.1968,9.7743,m³/s,8,11,14,"Lutzbach / Unterer (Staumauer Raggal - Thüringen)"
vbg.V334744,AT,"Rotach @ Thal (Martinsbrücke)",47.528301,9.8744,m³/s,6,10,13,"Rotach / Rotachschlucht"
vbg.V334861,AT,"Weißach @ Krumbach-Zwing",47.502201,9.918,m³/s,8,13,20,"Weißach / Golfparkstrecke (Aach - Brunnenau) | Weißach / Kleine Weißachschlucht (Brunnenau - Weißach Talbrücke) | Weißach / Große Weißachschlucht (Weißach Talbrücke - Bozenau)"
vbg.V676581705,AT,"Bregenzerach @ Egg (Wehr)",47.429001,9.8881,m³/s,15,35,55,"Bregenzerach / Schwarzenbergschlucht (Hof - Wehr Egg) | Bregenzerach / Egger Schlucht (Wehr Egg - Müselbach) | Bregenzerach / Dorener (Müselbach - Bozenau)"
visual.1,AT,"Talbach @ Lattenpegel, Rohrmoos-Untertal",47.373199,13.6767,cm,85,90,100,"Untertalbach / Untertalbachklamm | Talbach / Talbachklamm | Obertalbach / Oberlauf | Obertalbach / Obertalbachklamm"
visual.30,AT,"Vorderer Rettenbach @ Lattenpegel, Brücke",47.778702,14.2408,cm,30,65,85,"Vorderer Rettenbach / "
visual.31,AT,"Rotmoosbach @ Lattenpegel, Unterhalb Lawinengalerie",47.676998,15.1686,cm,215,225,240,"Rotmoosbach / Dürradmer Schlucht | Rotmoosbach / Unterer"
visual.32,AT,"Taurach @ Lattenpegel, Radstatt",47.378399,13.4744,cm,None,None,None,"Taurach / Oberlauf | Taurach / Klamm"
visual.36,AT,"Streimbach @ Lattenpegel, Bridge below B198",47.326801,10.5306,cm,50,None,None,"Streimbach / Klamm"
visual.37,AT,"Almbach @ Lattenpegel, At the take-out Bridge",47.670601,13.0313,cm,None,None,None,"Almbach / Wasserfallklamm"
visual.45,AT,"Rantenbach @ Lattenpegel Waschlradl",47.147598,14.1158,cm,60,70,90,"Rantenbach / Klamm | Rantenbach / Unterlauf (Wehr Kulmhammer - Murau)"
ba.117,BA,"Una @ Bihać",44.813702,15.8711,cm,15,None,70,"Una / Štrbaćki buk | Una / Kostela - Miostrah"
rz.1648,BA,"Fojnička rijeka @ Visoko n/F",43.9842,18.182699,cm,-15,None,None,"Fojnička rijeka / Buci - Visoko | Fojnička rijeka / Kiseljak - Buci"
rz.1650,BA,"Dabar @ Dabar",44.716301,16.6717,cm,0,None,250,"Dabar / "
rz.1651,BA,"Krivaja @ Maoča",44.318699,18.421499,cm,70,None,250,"Krivaja / Odovjak - Maoča | Krivaja / Solunska banja - Odvojak"
rz.1652,BA,"Krivaja @ Olovo",44.126202,18.574699,cm,30,None,110,"Bioštica / "
rz.1655,BA,"Sana @ Ključ",44.525101,16.796499,cm,5,None,120,"Sana / "
rz.1661,BA,"Bregava @ Stolac",43.083801,17.958599,cm,20,None,90,"Bregava / "
rz.1662,BA,"Neretva @ Mostar",43.3484,17.810499,cm,150,None,600,"Neretva / Canyon | Neretva / Upper"
rz.1665,BA,"Vrbas @ Daljan",44.129299,17.402399,cm,30,None,90,"Vrbas / Babin Potok - Jajce"
2011,CH,"Rhône @ Sion",46.219101,7.3579,m³/s,120,250,400,"Rhône / Rotten / Susten - Sierre"
2016,CH,"Aare @ Brugg",47.482498,8.1949,m³/s,50,550,1000,"Aare / Altstadt Play Run (Badi Brugg - Clubhaus KCBr)"
2018,CH,"Reuss @ Mellingen",47.421001,8.2713,m³/s,40,None,None,"Reuss / Bremgarten - Mellingen | Reuss / Untere Welle, Bremgarten | Reuss / Mellingen - Gebenstorf"
2019,CH,"Aare @ Brienzwiler",46.745701,8.092,m³/s,5,10,15,"Aare / Aareschlucht | Aare / Meiringen - Brienzer See"
2024,CH,"Rhône @ Branson",46.125702,7.0913,m³/s,240,300,350,"Rhône / Rotten / Evionnaz - Saint Maurice"
2030,CH,"Aare @ Thun",46.764599,7.6118,m³/s,50,200,280,"Aare / Thun - Bern | Aare / Welle Scherzligenschleuse, Thun"
2033,CH,"Vorderrhein @ Ilanz",46.775799,9.2064,m³/s,40,70,130,"Vorderrhein / Tavanasa - Rueun | Vorderrhein / Rueun - Ilanz"
2034,CH,"Broye @ Payerne, Caserne d'aviation",46.835899,6.9361,m³/s,10,15,20,"Broye / Palezieux - Bressonnaz"
2044,CH,"Thur @ Andelfingen",47.5965,8.682,m³/s,18,60,120,"Thur / Rohrerbrücke - Ellikon"
2053,CH,"Drance @ Martigny, Pont de Rossettan",46.102001,7.0672,m³/s,17,22,30,"Dranse / Sembrancher - Martigny-Croix | Dranse d'Entremont / Orsières - Barrage des Trappistes"
2056,CH,"Reuss @ Seedorf",46.8839,8.6206,m³/s,35,None,220,"Reuss / Amsteg Autobahnrastplatz - Erstfeld | Reuss / Amsteg - Autobahnrastplatz | Reuss / Erstfeld - Seedorf"
2067,CH,"Inn @ Martina",46.885799,10.4654,m³/s,95,None,None,"Inn / Finstermünzer (Martina - Kajetansbrücke) | Inn / Tösens - Ried | Inn / Kajetansbrücke - Tschuppbach"
2078,CH,"Poschiavino @ Le Prese (H)",46.2953,10.0799,m³/s,10,15,20,"Poschiavino / Poschiavo (Sportplatz) - Le Prese | Poschiavino / Pedemonte - Poschiavo"
2086,CH,"Brenno @ Loderio",46.376499,8.9694,m³/s,15,25,35,"Brenno / Aquarossa - Motto | Brenno / Motto - Malvaglia"
2087,CH,"Reuss @ Andermatt",46.642601,8.5903,m³/s,8,18,30,"Furkareuss / Realp - Andermatt | Reuss / Schöllenen Schlucht | Gusbisreuss / Gusbis - Hospenthal | Wittenwasserenreuss / Wittenwasserenreuss - Realp"
2099,CH,"Limmat @ Zürich, Unterhard",47.390598,8.5254,m³/s,35,110,200,"Limmat / Slalom Letten"
2105,CH,"Inn @ St. Moritzbad",46.484699,9.8341,m³/s,7,13,25,"Inn / Einmündung Suvrettabach - St. Moritz Bad"
2106,CH,"Birs @ Münchenstein, Hofmatt",47.518299,7.6188,m³/s,12,20,None,"Birs / Naturschutzgebiet Reinacher Heide - Birskopf | Birs / Courrendlin - Laufen | Birs / Welle Joggeli, Basel | Birs / Welle Redingbrücke, Basel | Birs / Welle Forellenweg, Basel"
2109,CH,"Lütschine @ Gsteig",46.6642,7.8715,m³/s,8,None,None,"Lütschine / Zweilütschinen - Bönigen"
2112,CH,"Sitter @ Appenzell",47.332001,9.4106,m³/s,4,10,18,"Sitter / Obere Sitterschlucht (Appenzell - Haslen) | Sitter / Untere Sitterschlucht (Haslen - St. Gallen)"
2117,CH,"Drance de Bagnes @ Le Châble, Villette",46.0807,7.2131,m³/s,6,9,14,"Dranse de Bagnes / Champsec - Sembrancher"
2119,CH,"Sarine @ Fribourg",46.803902,7.169,m³/s,6,50,200,"Sarine / Hauterive - Pont de Perolles | Sarine / Maigrauge"
2122,CH,"Birse @ Moutier, La Charrue",47.284,7.3823,m³/s,7.5,10,None,"Birse / - Moutier"
2126,CH,"Murg @ Wängi",47.4963,8.953,m³/s,6,10,15,"Murg / Münchwilen - Aumühle"
2132,CH,"Toess @ Neftenbach",47.518799,8.6529,m³/s,20,30,40,"Töss / Kollbrunn - Winterthur Töss | Töss / Pfungen - Zusammenfluss Rhein"
2135,CH,"Aare @ Bern, Schönau",46.933102,7.448,m³/s,50,200,300,"Aare / Slalom Worblaufen"
2141,CH,"Albula @ Tiefencastel",46.662498,9.5741,m³/s,35,55,70,"Albula / Bellaluna - Filisur | Albula / Waldschlucht | Albula / Schynschlucht | Albula / Landwasserbrücke - Surava | Albula / Unterhalb Tiefencastel (Wehr - Kläranalage)"
2150,CH,"Landquart @ Felsenbach",46.974602,9.6121,m³/s,10,30,None,"Landquart / Küblis - Schiers | Landquart / Schiers - Grüsch"
2151,CH,"Simme @ Oberwil",46.654999,7.4394,m³/s,11,22,35,"Simme / Garstatt - Heideweidli | Simme / Heideweidli - Erlenbach"
2160,CH,"Sarine @ Broc, Château d'en bas",46.602798,7.093,m³/s,7,25,None,"Sarine / Saane / Montbovon - Broc"
2167,CH,"Tresa @ Ponte Tresa, Rocchetta",45.972,8.8524,m³/s,12,25,45,"Tresa / PonteTresa - Fornasette"
2179,CH,"Sense @ Thörishaus, Sensematt",46.888302,7.3514,m³/s,20,35,70,"Sense / Guggersbach - Ruchmüli | Warme Sense / Vorder Tromooserli - Zollhaus | Sense / Singine / Zollhaus - Guggersbach | Sense / Ruchmüli - Thörishaus"
2181,CH,"Thur @ Halden",47.505798,9.2115,m³/s,250,350,450,"Thur / Welle Bürglen"
2185,CH,"Plessur @ Chur",46.853901,9.5172,m³/s,8,10,15,"Plessur / Langwies - Molinis"
2200,CH,"Weisse Lütschine @ Zweilütschinen",46.631302,7.8997,m³/s,2.5,None,None,"Weisse Lütschine / Lauterbrunnen - Zweilütschinen"
2203,CH,"Grande Eau @ Aigle",46.3204,6.9691,m³/s,6,8,10,"Vièze / Champery - Troistorrents | Grande Eau / Col des Mosses - Aigle | Avançon / Bex - Rhone | Avançon / Bois du Ban - Bex"
2210,CH,"Doubs @ Ocourt",47.3437,7.0649,m³/s,7,40,150,"Doubs / Goumois - St.Ursanne"
2215,CH,"Saane @ Laupen",46.9086,7.2344,m³/s,6,150,250,"Saane / Schiffenen - Wehr Niederried in der Aare"
2243,CH,"Limmat @ Baden, Limmatpromenade",47.4757,8.3094,m³/s,30,80,170,"Limmat / Slalom Baden | Limmat / Baden - Clubhaus KCBr"
2256,CH,"Rosegbach @ Pontresina",46.489899,9.8981,m³/s,5,10,15,"Rosegbach / Hotel Roseg - Pontresina"
2262,CH,"Berninabach @ Pontresina",46.486401,9.9062,m³/s,7,16,30,"Berninabach / Morteratsch - Pontresina | Berninabach / Diavolezza - Berninafälle"
2265,CH,"Inn @ Tarasp",46.789001,10.2786,m³/s,12,None,70,"Inn / Giarsun | Inn / Scuoler Strecke | Inn / Suscher Strecke | Inn / Ardez | Inn / Punt Nova - Susch"
2268,CH,"Rhône @ Gletsch",46.562302,8.3621,m³/s,1.5,2.5,None,"Rhône / Rotten / Serpentinen - Gletsch-Oberwald | Rhône / Rotten / Oberwald - Reckingen"
2269,CH,"Lonza @ Blatten",46.4189,7.8175,m³/s,7,8,9,"Lonza / Fafleralp - Kühmad | Lonza / Kühmad - Minigolf Wiler | Lonza / Minigolf Wiler - Stausee"
2303,CH,"Thur @ Jonschwil, Mühlau",47.4137,9.0775,m³/s,15,40,80,"Thur / Obere (Bütschwil - Mühlau) | Thur / Obere (Mühlau - Schwarzenbach) | Thur / Schwarzenbach - Bischofszell"
2305,CH,"Glatt @ Herisau, Zellersmühle",47.398102,9.2571,m³/s,6,12,None,"Glatt / Oberglatt - Oberbüren"
2308,CH,"Goldach @ Goldach, Bleiche",47.487202,9.4715,m³/s,7,9,11,"Goldach / Zweibrückenstrecke | Goldach / Martinsschlucht"
2321,CH,"Cassarate @ Pregassona",46.0177,8.9625,m³/s,8,15,30,"Cassarate / Piano la Stampa - Cornaredo"
2346,CH,"Rhône @ Brig",46.317402,7.9754,m³/s,None,125,None,"Rhône / Rotten / Welle Brig"
2351,CH,"Vispa @ Visp",46.292702,7.8786,m³/s,15,30,70,"Vispa / KW Ackersand - Visp | Mattervisp / Mattsand - ARA St.Niklaus | Mattervisp / ARA St.Niklaus - Kalpetran"
2352,CH,"Linth @ Linthal, Ausgleichsbecken KLL (Hauptstation)",46.916401,8.9915,m³/s,12,15,20,"Linth / Zufluss Bodenbach - Linthal | Linth / Linthal - Rüti"
2355,CH,"Landwasser @ Davos, Frauenkirch",46.757801,9.7903,m³/s,10,None,None,"Landwasser / Bahnhof Wiesen - Strassenbrücke"
2364,CH,"Ticino @ Piotta",46.516701,8.6715,m³/s,3,None,None,"Ticino / E.W. Ritom - Rodi-Fiesso | Ticino / Stalvedro - E.W. Ritom"
2372,CH,"Linth @ Mollis, Linthbrücke",47.101101,9.072,m³/s,15,50,100,"Linth / Mollis - Walensee"
2374,CH,"Necker @ Mogelsberg, Aachsäge",47.364201,9.1214,m³/s,15,23,35,"Necker / Oberer (Schwanzbrugg - St. Peterzell) | Necker / Mittlerer (St. Peterzell - Anzenwil) | Necker / Oberster (Brücke - Schwanzbrugg)"
2387,CH,"Hinterrhein @ Fürstenau",46.715099,9.4473,m³/s,20,80,150,"Hinterrhein / Albulamündung - Reichenau"
2403,CH,"Inn @ Cinuos",46.635502,10.0209,m³/s,10,None,None,"Inn / S-chanf Schlucht | Inn / Brail Schlucht"
2409,CH,"Emme @ Eggiwil, Heidbüel",46.871201,7.8047,m³/s,5,12,30,"Grosse Emme / Räbeli - Sorbach | Grosse Emme / Bumbach - Räbeli | Grosse Emme / Sorbach - Heidbühl"
2415,CH,"Glatt @ Rheinsfelden",47.573502,8.4758,m³/s,10,None,None,"Glatt / Glattfelden - Rhein"
2419,CH,"Rhône @ Reckingen",46.469501,8.2447,m³/s,15,25,50,"Rhône / Rotten / Reckingen - Steinhaus | Rhône / Rotten / Obere Rhoneschlucht | Rhône / Rotten / Filet - Brig"
2420,CH,"Moesa @ Lumino, Sassello",46.223099,9.0558,m³/s,25,45,80,"Moesa / Roveredo - Bellinzona"
2426,CH,"Seez @ Mels",47.046501,9.4182,m³/s,2,4,8,"Seez / Mels - Walenstadt"
2430,CH,"Rein da Sumvitg @ Sumvitg, Encardens",46.649899,8.9907,m³/s,3,8,12,"Somvixer Rhein / Brücke - Stausee"
2433,CH,"Aubonne @ Allaman, Le Coulet",46.473301,6.4064,m³/s,18,22,25,"Aubonne / Arboretum | Aubonne / Poudrerie - Lac | Toleure / Bière - Résevoir"
2461,CH,"Magliasina @ Magliaso, Ponte",45.981998,8.879,m³/s,4,6,9,"Magliasina / Novaggio - Magliaso"
2468,CH,"Sitter @ St. Gallen, Bruggen/Au",47.414398,9.3275,m³/s,20,30,60,"Sitter / St. Gallen (Spisegg) - Lütschwil"
2473,CH,"Rhein @ Diepoldsau, Rietbrücke",47.383099,9.6409,m³/s,40,200,400,"Rhein / Bangs - Bodensee"
2474,CH,"Calancasca @ Buseno",46.2836,9.1182,m³/s,8,12,25,"Calancasca / Aquino - Buseno | Orino / Dandrio - Stausee"
2475,CH,"Maggia @ Bignasco, Ponte nuovo",46.338299,8.6081,m³/s,30,55,70,"Maggia / Peccia - Klamm von Brontallo"
2477,CH,"Lorze @ Zug, Letzi",47.180698,8.502,m³/s,4,15,30,"Lorze / Baar Spinnerei - Zugersee | Lorze / Schmittli - Spinnerei Baar"
2478,CH,"Birse @ Soyhières, Bois du Treuil",47.392399,7.396,m³/s,8,None,None,"Birs / Grellingen - Dornach"
2480,CH,"Areuse @ Boudry",46.949001,6.839,m³/s,12,None,None,"Areuse / Mitte Schlucht - Boudry"
2481,CH,"Engelberger Aa @ Buochs, Flugplatz",46.972801,8.4053,m³/s,15,25,70,"Engelberger Aa / Wolfenschiessen - Buochs | Engelberger Aa / Stausee Obermatt - Strassenbrücke Mettlen | Engelberger Aa / Strassenbrücke Mettlen - Wolfenschiessen"
2486,CH,"Veveyse @ Vevey, Copet",46.476501,6.857,m³/s,4,5,6,"Veveyse / Les Chaux - Vevey"
2487,CH,"Kleine Emme @ Werthenstein, Chappelboden",47.034901,8.0685,m³/s,30,40,50,"Entlen / Finsterwald - Entlebuch | Kleine Emme / Entlebuch - Chappelbodenbrücke | Kleine Emme / Schüpfheim - Entlebuch | Waldemme / Lammschlucht | Kleine Emme / Werthenstein - Schachen"
2490,CH,"Allondon @ Dardagny, Les Granges",46.2174,5.9985,m³/s,3,10,None,"Allondon / Choully - Russin"
2493,CH,"Promenthouse @ Gland, Route Suisse",46.405998,6.2693,m³/s,3.5,None,None,"Promenthouse / Duillier – Promenthoux-plage"
2494,CH,"Ticino @ Pollegio, Campagna",46.359299,8.9475,m³/s,69,None,None,"Ticino / Ticinetto - Giornico | Ticino / Giornico - Bodio"
2498,CH,"Glenner @ Castrisch",46.773499,9.2106,m³/s,7,None,None,"Glenner / Uors - Peiden | Glenner / Peiden - Ilanz"
2602,CH,"Rhein @ Domat/Ems",46.8377,9.4561,m³/s,30,80,250,"Rhein / Chur - Landquart"
2605,CH,"Verzasca @ Lavertezzo, Campiöi",46.249001,8.8446,m³/s,4,20,None,"Verzasca / Untere (Aquino - Staustufe) | Ribo / Vergeletto - 300m vor Brücke Strasse Onsemone-Spruga | Ribo / Oberer (Steg - Vergeletto) | Ossola / Bolastro - Brione | Isorno / Bagni di Cravegia - Comologno | Isorno / Comologno - Vocaglia | Ribo / Oberster (Strassenende - oberer Steg) | Ribo / Vergeletto-Schlucht | Ribo / Ribofall | Isorno / Bolle - Mosogno di Sotto | Isorno / Mosogno di Sotto - Captazione dell'acqua | Isorno / Vocaglia - Bolle"
2609,CH,"Alp @ Einsiedeln",47.150799,8.7393,m³/s,10,15,25,"Alp / Einsideln - Biberbrugg"
2610,CH,"Scheulte @ Vicques",47.348202,7.4318,m³/s,2.5,4.5,6.5,"Scheulte / Courchapoix - Courroux | Gabiare / Envelier - Mündung in die Scheulte"
2629,CH,"Vedeggio @ Agno",46.002998,8.9117,m³/s,9,18,27,"Vedeggio / Camignolo - Lamone | Vedeggio / Isone - Schluchtausgang"
2631,CH,"Hinterrhein @ Hinterrhein, Schiessplatz",46.5233,9.1813,m³/s,4,20,40,"Hinterrhein / Hinterrhein - Splügen | Hinterrhein / Splügen - Sufnersee"
547,CH,"Sihl @ Blattwag",47.174599,8.674,m³/s,10,25,60,"Sihl / Kraftwerk Waldhalde - Sihlbrugg | Sihl / Schindellegi - Hütten | Sihl / Hütten - Kraftwerk Waldhalde | Sihl / Sihlbrugg - Langnau"
582,CH,"Jona @ Rüti",47.248798,8.8528,m³/s,4,8,12,"Jona / Rüti - Jona | Jona / Jona - See"
HO5804,CH,"Thur @ Alt St.Johann, Unterwasser, Chlostobel",47.195,9.3012,m³/s,2,4,8,"Thur / Unterwasser - Starkenbach"
HO5902,CH,"Thur @ Stein, Iltishag",47.191299,9.2336,m³/s,5,10,20,"Thur / Oberste (Starkenbach - Stein)"
HOAR9101,CH,"Urnäsch @ Hundwil, Aeschentobel",47.3391,9.2935,m³/s,5,10,14,"Urnäsch / Obere Urnäschschlucht (Zürchersmühle - Hundwiler Brücke) | Urnäsch / Untere Urnäschschlucht (Hundwiler Brücke - St. Gallen)"
HOAR9105,CH,"Rotbach @ Bühler, Au",47.374401,9.4027,m³/s,3,5,8,"Rotbach / Bühler - Mündung in Sitter"
anu.AVR10,CH,"Averser Rhein @ Campsut, Avers",46.488201,9.4761,m³/s,3,5,7,"Averser Rhein / Cröt - Campsut | Averser Rhein / Campsutt - Reno di Lei | Averser Rhein / Reno di Lei - Innerferrera | Averser Rhein / Ausserferrera - Schmelzi | Averser Rhein / Schmelzi - Wasserfall | Averser Rhein / Steinbruch - Stausee | Averser Rhein / Wasserfall - Steinbruch"
anu.JUL30,CH,"Julia @ Rona",46.560799,9.6244,m³/s,4,8,12,"Julia / Tinizong - Kieswerk Salouf"
anu.LAN10,CH,"Landquart @ Pardenn, Klosters",46.856499,9.9462,m³/s,5,10,15,"Landquart / Oberlauf"
anu.MOE10,CH,"Moesa @ Al Pont, Soazza",46.365002,9.2255,m³/s,8,None,None,"Moesa / Castello di Mesocco - Arabella"
anu.MOE30,CH,"Moesa @ Grono",46.2495,9.1587,m³/s,20,35,None,"Moesa / Sorte - Cama | Moesa / Cama - Roveredo | Moesa / Arabella - Sorte"
anu.VOR10,CH,"Vorderrhein @ Camping, Disentis",46.695702,8.8544,m³/s,10,None,None,"Vorderrhein / Disentis - Madernal | Vorderrhein / Sedrun - Disentis"
be.44,CH,"Entschlige @ Frutigen",46.5867,7.6464,m³/s,7,12,20,"Entschlige / Achseten - Frutigen | Entschlige / Pochtenkessel - Achseten"
be.46,CH,"Fildrich @ Diemtigen",46.6147,7.5325,m³/s,6,8,11,"Fildrich / Schwenden - Zwischenflüh"
be.51,CH,"Kander @ Frutigen",46.582901,7.6577,m³/s,7,18,34,"Kander / Kandergrund - Frutigen | Kander / Blausee - Kandergrund"
ebs.1,CH,"Muota @ Selgis",46.992001,8.6869,m³/s,12,35,70,"Muota / Muotathal, Fussballplatz - Illgau, Holzlagerplatz | Muota / Riedblätz - Herrgott"
linthrueti,CH,"Linth @ Rüti",46.943501,9.0211,m³/s,10,20,40,"Linth / Betschwanden - Schwanden | Linth / Rüti - Betschwanden"
rz.1167,CH,"Linth @ SBB Schwanden",47.001202,9.0783,m³/s,10,30,50,"Linth / Schwanden - Ennenda"
rz.1224,CH,"Sorne @ Delémont",47.3643,7.351,m³/s,3,10,None,"Sorne / Courfaivre - Delémont | Sorne / Gorges du Pichoux - Berlincourt"
rz.1253,CH,"Wiese @ Basel",47.5779,7.5955,m³/s,20,None,None,"Wiese / Lange Erlen, Untere (Wehr - Schwarzwaldalle)"
rz.1256,CH,"Etzgerbach @ Etzgen",47.569599,8.1105,m³/s,3,None,None,"Etzgerbach / Mettau - Rhein"
rz.1257,CH,"Surb @ Döttingen",47.564301,8.267,m³/s,5,None,None,"Surb / Endingen - Döttingen"
rz.1260,CH,"Reuss @ Intschischlucht [Monitron AG]",46.764702,8.6605,cm,63,None,105,"Reuss / Pfaffensprung - Meitschligen | Reuss / Meitschligen - Amsteg"
rz.1273,CH,"La Versoix @ Versoix-CFF",46.276402,6.1661,m³/s,3,10,None,"Versoix / Sauverny - La Bätie"
rz.1275,CH,"Castione @ Ticino [estimated]",46.219501,9.0384,m³/s,25,None,160,"Ticino / Claro - Bellinzona"
rz.1277,CH,"Kander @ Reutigen [estimated]",46.691299,7.6329,m³/s,42,None,None,"Kander / Reutigen - Einigen"
rz.1292,CH,"Ticino @ Ronco Bedretto",46.497501,8.4978,m³/s,2,4,None,"Ticino / Oberer 2 (Fontana - Airolo) | Ticino / Oberer 1 (Bedretto - Fontana)"
rz.1294,CH,"Maggia @ Lodano",46.2616,8.6892,m³/s,10,None,None,"Maggia / Cevio - Aurigeno | Maggia / Aurigeno - Avegno"
rz.1296,CH,"Rovana @ Campo Vallemaggia 3",46.285301,8.5067,m³/s,0.8,None,None,"Rovana di Campo / Niva - Collinasca"
rz.1298,CH,"Medelser Rhein @ Disentis [estimated]",46.695801,8.8552,m³/s,None,None,None,"Medelser Rhein / Curaglia | Medelser Rhein / Lukmanier-Schlucht"
rz.1299,CH,"Melezza @ Losone [estimated]",46.180302,8.7567,m³/s,15,None,None,"Melezza / Golino - Losone"
rz.1322,CH,"Rhein @ Bangs",47.273701,9.5348,m³/s,40,120,300,"Rhein / Landquart - Balzers | Rhein / Balzers - Vaduz | Rhein / Vaduz - Bangs"
rz.1442,CH,"Inn @ Martina, Sclamischot",46.870399,10.4461,m³/s,15,None,None,"Inn / Scuol - Martina"
rz.1462,CH,"Saane @ Dorfrütti by Swiss Canoe",46.486301,7.2314,cm,25,None,None,"Saane / Sarine / Saanen - Camping Le Berceau | Saane / Sarine / Camping Le Berceau - Lac du Vernex"
rz.1558,CH,"Glenner @ Cons",46.6409,9.0879,cm,16,None,None,"Glenner / Oberster (Vrin - Surin) | Glenner / Lumbreiner Schlucht (Surin - Vignon)"
rz.1560,CH,"Valser Rhein @ Uors",46.6996,9.1818,cm,60,None,None,"Valser Rhein / Oberer (Brücke - Lunschania) | Valser Rhein / Unterer (Lunschania - Uors)"
rz.1561,CH,"Glenner @ Uors",46.702702,9.1802,cm,57,None,None,"Glenner / Vignon - Uors"
rz.1582,CH,"Lützel @ Zusammenfluss Birs [geschätzt]",47.411201,7.4942,m³/s,None,None,None,"Lützel / Lucelle / Rest. Neumühle - Birs"
rz.1584,CH,"Vorderrhein @ Via Rensch, Trun by Swiss Canoe",46.736401,8.9767,cm,90,110,None,"Vorderrhein / Cumpadials - Trun | Vorderrhein / Madernal - Cumpadials | Vorderrhein / Trun - Tavanasa"
rz.1585,CH,"Medelserrhein @ Fuorns by Swiss Canoe",46.6404,8.8479,cm,57,72,None,"Medelser Rhein / Parde - Baselgia | Medelser Rhein / Oberer (15m-Fall - Parde)"
rz.1618,CH,"Kiene @ Kiental",46.583302,7.7255,cm,90,115,None,"Kiene / Kiental - Kien"
rz.1619,CH,"Reuss @ Reussspitz [geschätzt]",47.247898,8.4105,m³/s,100,160,220,"Reuss / Obere Welle (Fällbaum), Bremgarten"
rz.1622,CH,"Rhone @ Mörel VS by Swiss Canoe",46.3592,8.0507,cm,35,None,None,"Rhône / Rotten / Untere Rhoneschlucht | Rhône / Rotten / Grengiols - Filet"
rz.1623,CH,"Landquart @ Küblis by Swiss Canoe",46.912102,9.7878,cm,120,None,None,"Landquart / Klosters - Gulfia | Landquart / Gulfia - Serneus | Landquart / Serneus - Küblis"
rz.355,CH,"Suhre @ Suhr",47.368099,8.0622,m³/s,4,5.5,None,"Suhre / Suhr"
sernfmatt,CH,"Sernf @ Matt",46.9631,9.1681,m³/s,8,12,18,"Sernf / Elm - Engi"
sernfschwa,CH,"Sernf @ Schwanden",46.995098,9.0818,m³/s,7,13,None,"Sernf / Untere Sernfschlucht"
synthetic.10,CH,"Alp @ Biberbrugg [estimated]",47.155602,8.7233,m³/s,10,25,50,"Alp/Sihl / Biberbrugg - Schindellegi"
synthetic.13,CH,"Thur @ Stein [estimated]",47.202702,9.2198,m³/s,5,12,25,"Thur / Oberste (Stein - Neu St.Johann)"
synthetic.14,CH,"Thur @ Neu St.Johann [estimated]",47.225101,9.19,m³/s,5,15,30,"Thur / Oberste (Neu St.Johann - Ebnat-Kappel) | Thur / Ebnat-Kappel - Lichtensteig"
synthetic.18,CH,"Necker @ Unterhalb Aachbach [geschätzt]",47.365299,9.1205,m³/s,12,25,40,"Necker / Unterer (Anzelwil - Lütisburg, Thurbrücke)"
synthetic.2,CH,"Vorderrhein @ Rheinschlucht [estimated]",46.777302,9.2141,m³/s,15,80,None,"Vorderrhein / Ilanz - Versam | Vorderrhein / Versam - Reichenau"
synthetic.20,CH,"Sihl @ Zusammenfluss Alp [estimated]",47.166302,8.7366,m³/s,15,30,55,"Sihl / Egg - Schindellegi"
synthetic.21,CH,"Reuss @ Emmenbrücke [estimated]",47.067699,8.2896,m³/s,70,250,400,"Reuss / Luzern - Unterlunkhofen"
synthetic.22,CH,"Schwarze Lütschine @ Zweilütsch. [estimated]",46.6339,7.8985,m³/s,9,None,None,"Schwarze Lütschine / Lütschental - Zweilütschinen"
synthetic.7,CH,"Flaz @ Pontresina [estimated]",46.492599,9.9001,m³/s,10,20,40,"Flaz / Pontresina - Samedan"
synthetic.8,CH,"Verzasca @ Lavertezzo, Chiesa di Santa Maria [estimated]",46.257599,8.8387,m³/s,8,25,50,"Verzasca / Mittlere (Brione - Aquino) | Verzasca / Obere 2 (Croce - Brione) | Verzasca / Obere 1 (Sonogno - Croce)"
synthetic.9,CH,"Chirel @ Horboden [estimated]",46.6315,7.5602,m³/s,None,None,None,"Chirel / Horboden - Oey"
cz.20070907,CZ,"Doubrava @ Bílek",49.703499,15.7339,m³/s,3,7,15,"Doubrava / Bílek - Horní Sokolovec"
cz.20092272,CZ,"Jizerka @ Jizerka",50.8195,15.3478,m³/s,2,4,7,"Jizerka / Jizerka - Orle"
cz.20214815,CZ,"Mumlava @ Janov - Harrachov",50.764702,15.3972,m³/s,8,12,15,"Mumlava / (Prohibited!) | Mumlava / Harrachov - Mýto"
cz.20265575,CZ,"Desná @ Kouty nad Desnou",50.099998,17.111401,m³/s,4,10,15,"Divoká Desná / Dlouhé stráně - Kouty nad Desnou"
cz.20598963,CZ,"Krounka @ Otradov",49.792198,16.042801,cm,20,40,60,"Krounka / Kutřín - Doly"
cz.2586337,CZ,"Blanice @ Blanický mlýn",48.9571,13.9414,cm,100,120,140,"Blanice / Blažejovice - Řepešín"
cz.307000,CZ,"Oslava @ Oslavany",49.115898,16.3437,m³/s,8,20,40,"Oslava / Náměšť nad Oslavou - Kuroslepy"
cz.307047,CZ,"Sázava @ Světlá nad Sázavou",49.6647,15.4034,m³/s,10,25,60,"Sázava / Stvořidla"
cz.307053,CZ,"Labe @ Špindlerův Mlýn",50.723202,15.5982,m³/s,10,15,20,"Bílé Labe / (Prohibited!) | Łomnicą / Karpacz"
cz.307057,CZ,"Křemelná @ Stodůlky",49.117599,13.4278,m³/s,10,20,30,"Křemelná / (Prohibited!)"
cz.307092,CZ,"Kamenice @ Hřensko",50.873901,14.2511,m³/s,5,9,15,"Hřenská Kamenice / Gorge section"
cz.307102,CZ,"Čeladenka @ Čeladná",49.512798,18.337099,m³/s,5,10,15,"Čeladenka / Plucnarka - Janečkovice | Bystrá / Trojanovice"
cz.307103,CZ,"Morávka @ Morávka pod nádrží",49.586102,18.529699,m³/s,6,12,22,"Morávka / Dam - Morávka"
cz.307116,CZ,"Jizera @ Jablonec nad Jizerou",50.695,15.4384,m³/s,12,30,60,"Jizera / Mýto - Vilémov | Jizera / Upper | Jizera / Cutisin"
cz.307133,CZ,"Labe @ Labská",50.710201,15.5851,m³/s,9,20,30,"Labe / Labská - Vrchlabí"
cz.307135,CZ,"Bystřice @ Ostrov",50.305199,12.9365,m³/s,7,10,15,"Bystřice / Pstruží - Hroznětín"
cz.307162,CZ,"Otava @ Rejštejn",49.1395,13.5083,cm,80,100,130,"Otava / Čeňkova Pila - Radešov"
cz.307216,CZ,"Polečnice @ Český Krumlov",48.813099,14.3128,cm,30,60,100,"Polečnice / Krumlov little gorge"
cz.307241,CZ,"Vydra @ Modrava",49.026001,13.4972,m³/s,12,16,20,"Vydra / (Prohibited!) | Vydra / Modrava - Antýgl"
cz.307282,CZ,"Litavka @ Čenkov",49.776501,14.0057,cm,35,55,80,"Litavka / Rejkovice - Lochovice"
cz.307294,CZ,"Rolava @ Stará Role",50.2486,12.82,cm,90,105,120,"Rolava / Černá Voda - Nejdek | Rolava / Nejdek - Nová Role"
cz.307311,CZ,"Smědá @ Bílý Potok",50.876202,15.2109,m³/s,4,10,15,"Smědá / Bílý potok"
cz.307315,CZ,"Ostravice @ Šance pod nádrží",49.514301,18.413601,m³/s,12,18,25,"Ostravice / Dam - Frýdlant nad Ostravicí"
cz.307351,CZ,"Rožnovská Bečva @ Rožnov pod Radhoštěm",49.4585,18.1273,m³/s,12,20,25,"Kněhyně / Kněhyně gorge"
cz.34215428,CZ,"Divoká Orlice @ Klášterec nad Orlicí",50.1175,16.555,m³/s,8,15,30,"Divoká Orlice / Zemská brána"
cz.41466398,CZ,"Mohelnice @ Raškovice",49.601398,18.4743,m³/s,5,10,15,"Mohelnice / Zlatník - Krásná"
rz.1213,CZ,"Černá @ Ličov",48.7299,14.5721,m³/s,5,10,25,"Černá / Třebíčko - Soběnov"
rz.1218,CZ,"Olše @ Jablunkov railway bridge [estimated]",49.580799,18.7591,m³/s,7,None,35,"Olše (Olza) / Jablunkov - Bystřice"
rz.1219,CZ,"Skalka @ Morávka",49.562,18.552099,m³/s,4,8,15,"Skalka / Úspolka - Hrachové"
rz.1220,CZ,"Slavíč @ Slavíč",49.583801,18.5546,m³/s,3,6,None,"Slavíč / Platoška - Slavíč"
rz.1345,CZ,"Vrchlice @ Vrchlice",49.9259,15.2278,m³/s,3,8,15,"Vrchlice / Vrchlické vodopády"
rz.1347,CZ,"Waldaist @ Pfahnlmühle",48.337101,14.568,cm,155,175,200,"Waldaist / Untere (Feiblmühl - Hohensteg)"
rz.1349,CZ,"Klabava @ Strašice",49.724998,13.7614,cm,50,70,90,"Klabava (Padrťský potok) / Tři Trubky - Strašice"
rz.1351,CZ,"Úpa @ Horní Maršov",50.6605,15.8203,m³/s,8,18,25,"Úpa / Pec pod Sněžkou - Horní Maršov"
rz.1353,CZ,"Černá Desná @ Souš",50.788799,15.3174,m³/s,2.5,5,8,"Černá Desná / Vodopády Černé Desné"
rz.1354,CZ,"Doubrava @ Spačice",49.8172,15.5955,m³/s,5,12,20,"Doubrava / Spačice - Pařížov Dam"
rz.1355,CZ,"Kamenice @ Kristiánov",50.8092,15.1844,m³/s,2.5,5,10,"Kamenice / Upper upper (Kristiánov)"
rz.1358,CZ,"Bělá @ Jeseník",50.227001,17.2082,m³/s,7,10,15,"Studený potok / Slides"
rz.1359,CZ,"Zbirožský potok @ Podmokly",49.943901,13.7456,m³/s,3,8,12,"Zbirožský potok / Skryjská jezírka"
rz.1422,CZ,"Teplá @ Teplička",50.1534,12.8457,m³/s,7,14,22,"Teplá / Pramenský potok - Bečov"
rz.1428,CZ,"Kamenice @ Josefův Důl",50.791401,15.1957,m³/s,6,8,10,"Kamenice / Upper (Dam section)"
rz.1436,CZ,"Chomutovka @ Třetí Mlýn",50.498901,13.3307,m³/s,3,6,10,"Chomutovka / Bezručovo údolí"
rz.1454,CZ,"Skalice @ Varvažov",49.439602,14.1282,m³/s,6,12,20,"Skalice / Varvažov - Orlík"
rz.1455,CZ,"Svratka @ Borovnice",49.678001,16.191099,m³/s,4,8,15,"Svratka / České Milovy - Krásné"
rz.1625,CZ,"Wetlina @ KALNICA",49.1889,22.429199,cm,310,330,350,"Wetlina / Sine Wiry"
rz.1626,CZ,"Biały Dunajec @ ZAKOPANE-HARENDA",49.316101,19.977501,m³/s,4,9,15,"Zakopianka / Zakopane"
rz.1627,CZ,"Wołosaty @ STUPOSIANY",49.1856,22.683599,cm,200,210,220,"Nasiczniański Potok / Kaskady Nasiczańkie"
rz.1629,CZ,"Bradava @ Žákava",49.6311,13.5322,m³/s,2.5,6,12,"Bradava / Hvížďalka"
rz.1630,CZ,"Holoubkovský potok @ Rokycany - Dvořákova",49.7467,13.6003,cm,50,60,75,"Holoubkovský potok / Borecký vodopád"
rz.1680,CZ,"Kamenice @ Plavy",50.706501,15.3185,m³/s,5,12,25,"Kamenice / Plavy - Jesenný"
rz.1682,CZ,"Morava @ Vlaské",50.088299,16.901199,m³/s,7,11,15,"Morava / Vilemína - Dolní Morava"
rz.402,CZ,"Krupá @ Habartice",50.102798,16.929701,m³/s,5,10,20,"Krupá / Chrastice - Hanušovice"
rz.403,CZ,"Zdobnice @ Slatina nad Zdobnicí",50.136299,16.3794,cm,95,105,115,"Říčka / Říčky - Julinčino údolí | Zdobnice / Kamenec - Pěčín"
synthetic.25,CZ,"Smědá @ Below Černá, Bílá confluence [estimated]",50.8466,15.2702,m³/s,3,5,8,"Smědá / Smědava - Bílý potok"
synthetic.26,CZ,"Jizera  @ Below Oleška confluence [estimated]",50.601501,15.332,m³/s,20,40,60,"Jizera / Riegrovka"
synthetic.27,CZ,"Schwarzwasser @ ohne Breitenbach [estimated]",50.434399,12.73,m³/s,5,8,10,"Schwarzwasser (Černá) / Luhy - Potůčky"
bw-x.170,DE,"Schönmünz @ Schönmünzach",48.6068,8.3637,m³/s,4,12,20,"Schönmünz / Hahnbrunnenwiese - Kirschbaumwassen | Langenbach / "
bw-x.246,DE,"Murg @ Forbach",48.615101,8.3641,cm,90,120,150,"Murg / Untere (Murghalle Forbach - Fabrikstraße, Weisenbach)"
bw-x.9082,DE,"Obere Argen @ Zwirkenberg",47.646599,9.9691,cm,85,95,105,"Obere Argen / Eistobel | Obere Argen / Eistobel Ende - Malleichen | Jugetach / Wiederhofen - Schüttentobel"
bw.0001,DE,"Wutach @ Eberfingen",47.720699,8.4311,cm,80,120,160,"Steina / Bonndorf - Tiengen | Wutach / Untere (Wehr vor Achdorf - Grimmelshofen) | Schlücht / Tannenmühle - Riedersteg | Schlücht / Riedersteg - Witznau"
bw.0004,DE,"Donau @ Kirchen-Hausen",47.925499,8.6796,cm,120,150,185,"Donau / Donauwelle, Geisingen"
bw.0072,DE,"Wutach @ Ewattingen",47.848301,8.4502,cm,90,115,150,"Wutach / Gutach - Schattenmühle | Wutach / Mittlere Wutach / Wanderstrecke (Schattenmühle - Wutachmühle)"
bw.0074,DE,"Wiese @ Zell",47.699501,7.8455,cm,90,100,110,"Wehra / Todtmoos - Au (Sägewerk) | Wehra / Au (Sägewerk) - Stausee vor Wehr | Wiese / Wolfsschlucht (Rothausbahn - Schlechtnau) | Wiese / Utzenfeld - Atzenbach | Prägbach / Wasserfall - Rest. Sonnenhof, Präg | Prägbach / Rest. Sonnenhof, Präg - Utzenfeld | Schönenbach / Muggenbrunn - Todtnau | Wiedenbach / Einmundung Gschwenderbach - Marmeladenfabrik"
bw.0112,DE,"Oos @ Baden-Baden",48.7743,8.2201,cm,70,80,90,"Grobbach / Geroldsauer Wasserfall"
bw.0114,DE,"Acher @ Kappelrodeck",48.5844,8.1259,cm,90,105,120,"Acher / Obere: Hinterseebach - vor Wehr bei Ottenhöfen | Acher / Untere: nach Wehr bei Ottenhöfen - Oberachern"
bw.0170,DE,"Schönmünz @ Schönmünzach (cm)",48.6068,8.3637,cm,100,120,None,"Raumünzach / Obere (unterhalb Hundsbach - Stausee Erbersbronn) | Raumünzach / Untere (Stausee Erbersbronn - Mündung in Murg)"
bw.0189,DE,"Wilde Gutach @ Simonswald",48.111801,8.0336,cm,80,100,120,"Wilde Gutach / Obere (Waldschlucht: Hexenlochmühle - Kraftwerk) | Wilde Gutach / Untere (Kraftwerk - Simonswald)"
bw.0206,DE,"Hauensteiner Alb @ St. Blasien",47.756901,8.1447,cm,110,130,170,"Ibach / Kleinkraftwerk - Albmündung | Menzenschwamnder Alb / - St. Blasien | Bernauer Alb / Poche, Bernau - St. Blasien | Steinbach/Leiterbach /  | Ibach / - Igelschlatter Säge | Schwarzenbächle / - Igelschlatter Säge"
bw.0212,DE,"Untere Argen @ Beutelsau",47.7047,9.8187,cm,40,60,80,"Untere Argen / Holzbrücke - Beutelsau | Untere Argen / Herfatz - Schomburg | Untere Argen / Schomburg - Zusammenfluss"
bw.0213,DE,"Argen @ Gießen",47.627998,9.5961,cm,60,110,160,"Argen / Rennstrecke | Argen / Laimnauer Strecke | Argen / Steinenbach Bogen"
bw.0300,DE,"Elz @ Gutach",48.119099,7.9888,cm,85,110,150,"Elz / Waldkirch - Emmendingen | Elz / Oberprechtal - Winden | Elz / Obere Welle, Kollmarsreute | Elz / Untere Welle, Kollmarsreute"
by.11401009,DE,"Iller @ Sonthofen",47.5242,10.2604,m³/s,50,100,200,"Iller / Standardstrecke (Marinebrücke - Immenstadt)"
by.11411104,DE,"Stillach @ Birgsau",47.326,10.2669,m³/s,2,5,8,"Stillach / Stillachklamm (Oberstorf) | Stillach / Fellhornbahn - Freiberg"
by.11425200,DE,"Ostrach @ Reckenberg",47.504601,10.3236,m³/s,5,9,18,"Ostrach / Aueleklamm (E-Werk - Guferbrücke) | Ostrach / Heidachbrücke - Bad Oberdorf"
by.11432002,DE,"Gunzesrieder Ach @ Gunzesried",47.521999,10.2299,m³/s,3,6,None,"Ostertalbach / Wasserfallstrecke | Gunzesrieder Ach / Halder Tobel"
by.12183005,DE,"Vils @ Pfronten Ried",47.5807,10.5575,m³/s,5,10,15,"Vils / Vilsfall - Vilstalsäge"
by.14114003,DE,"Tirschenreuther Waldnaab @ Johannisthal",49.812,12.1647,cm,100,120,160,"Waldnaab / Waldschlucht"
by.15214003,DE,"Großer Regen @ Zwiesel",49.018501,13.2302,m³/s,10,27,50,"Großer Regen / Eisenbahnerschwall | Rothbach / Waldschlucht"
by.15217908,DE,"Teisnach @ Teisnach",49.036499,12.9966,m³/s,None,None,None,"Teisnach / "
by.16008506,DE,"Isar @ Plattling",48.770901,12.8836,cm,160,230,280,"Isar / Sohlschwelle Plattling"
by.17415006,DE,"Große Ohe @ Schönberg",48.8368,13.3538,m³/s,7,14,20,"Große Ohe / Steinklamm | Große Ohe / Waldschlucht"
by.17425000,DE,"Mitternacher Ohe @ Eberhardsreuth",48.818901,13.3539,m³/s,None,None,None,"Mitternacher Ohe / "
by.17445007,DE,"Kleine Ohe @ Grafenau",48.856899,13.3874,m³/s,5,8,12,"Kleine Ohe / B533-Run"
by.17466007,DE,"Reschwasser @ Unterkashof",48.848801,13.5424,m³/s,8,15,20,"Reschbach / Oberer | Reschbach / Unterer (Vorfahrt zur Wolfsteiner Ohe)"
by.17467000,DE,"Sausswasser @ Linden",48.8246,13.5656,m³/s,5.5,7.5,10.5,"Saussbach / Saussbachschlucht (Vorfahrt zur Wolfsteiner Ohe)"
by.19145208,DE,"Erlau @ Erlachleiten",48.5774,13.5797,cm,150,180,200,"Erlau / Saussbach (Oberlauf) | Erlau / Lieblmühle - Donaumündung"
by.19168000,DE,"Ranna @ Rannasäge",48.572102,13.7448,m³/s,2,4,6,"Osterbach / Grenzbach"
by.21627008,DE,"Weißach @ Oberstaufen",47.542599,10.0157,m³/s,6,8,10,"Weißach / Steibisschlucht (Lanzenbach - Weißach) | Weißach / Buchenegger Fall | Weißach / Oberste (Ehrenschwanger Tal) | Weißach / Oberste (Startschlucht)"
by.24110508,DE,"Weißer Main @ Bad Berneck",50.038502,11.6747,cm,150,165,180,"Weißer Main / Waldschlucht"
by.24146505,DE,"Haßlach @ Neukenroth",50.3218,11.2847,cm,190,210,240,"Haßlach / Standardstrecke | Haßlach / Obere"
by.24160903,DE,"Itz @ Schönstädt",50.347198,11.0281,cm,180,210,250,"Itz / Obere"
by.56161509,DE,"Selbitz @ Hölle",50.3675,11.6911,cm,200,215,230,"Selbitz / Höllental"
rz.1221,DE,"Pöhlbach @ Wiesa",50.615299,13.0571,m³/s,6,12,20,"Pöhlbach / Pöhlagrund"
rz.1222,DE,"Wesenitz @ Elbersdorf",51.023201,13.9933,cm,60,80,110,"Wesenitz / Teufelskanal"
rz.1252,DE,"Dreisam @ Ebnet",47.987801,7.8988,cm,70,None,None,"Dreisam / Kirchzarten - Sandfangwehr | Dreisam / Sandfangwehr - Lehner Brücke | Wagensteigbach / Schwiegbrunnenmündung - Oberhalb Buchenbach | Wagensteigbach / Oberhalb Buchenbach - Kirchzarten | Ibentalbach / - Kirchzarten | Rotbach / Hinterzarten - Höllsteig | Höllenbach (Rotbach) / Höllsteig - Kirchzarten | Zastlerbach (Osterbach) / - Kirschzarten | Zastlerbach (Osterbach) / Kirschzarten - Waldsee | Brugga / - Oberried | Brugga / Oberried - Waldsee | St. Wilhelmer Talbach / Küfermateshof - L126"
rz.1321,DE,"Breg @ Hammereisenbach",47.9897,8.3534,cm,70,None,None,"Breg / "
rz.1344,DE,"Ilz @ Schrottenbaummühle",48.7313,13.4392,m³/s,8,20,35,"Ilz / Diessensteiner Leite"
rz.1348,DE,"Chemnitz @ Göritzhain",50.9692,12.7978,m³/s,10,30,40,"Chemnitz / Taura - Stein"
rz.1429,DE,"Zwickauer Mulde @ Neidhardtsthal 1",50.529701,12.6047,m³/s,8,15,22,"Zwickauer Mulde / Bockau - Aue"
rz.1679,DE,"Alb @ Albbruck by Swiss Canoe",47.590302,8.1293,cm,93,120,None,"Alb / Niedermühle - Ibachmündung | Alb / Ibachmündung - Tiefenstein | Alb / Tiefenstein - Albbruck"
rz.1681,DE,"Weiße Elster @ Elsterberg",50.610901,12.168,m³/s,7,16,30,"Weiße Elster / Plauen - Elsterberg"
sx.550490,DE,"Biela @ Bielatal 1",50.882,14.0465,m³/s,2,6,15,"Biela / Bielatal - Königstein"
sx.550620,DE,"Gottleuba @ Neundorf",50.916302,13.9774,m³/s,5,7,12,"Gottleuba / Einmündung Bahra - Pirna-Neundorf"
sx.550710,DE,"Bahra @ Markersbach",50.833,13.9796,m³/s,4,8,16,"Bahra / Markersbach - Mündung in die Gottleuba"
sx.550913,DE,"Müglitz @ Lauenstein 4",50.7896,13.8144,cm,30,50,70,"Müglitz / Lauenstein - Bärenheck"
sx.563745,DE,"Schwarzwasser @ Johanngeorgenstadt 4",50.437,12.7283,m³/s,4,8,13,"Schwarzwasser / Breitenbrunn - Antonsthal"
sx.568350,DE,"Natzschung (Nacetínský potok) @ Rothenthal",50.6189,13.3599,m³/s,5,10,15,"Natzschung / Rübenau - Rothenthal"
sx.568400,DE,"Schwarze Pockau @ Zöblitz",50.682598,13.212,m³/s,7,12,16,"Schwarze Pockau / Kühnhaide - Pobershau"
synthetic.11,DE,"Wolfsteiner Ohe @ Ursprung [estimated]",48.819302,13.5179,m³/s,10.5,15,23,"Wolfsteiner Ohe / Buchberger Leite - Ringelai"
synthetic.12,DE,"Asbach @ [estimated]",49.072498,12.9949,m³/s,7,15,None,"Asbach / Grafenried - Schwarzer Regen"
synthetic.19,DE,"Gottleuba @ Confluence Bahra [estimated]",50.884399,13.9824,m³/s,4,7,12,"Gottleuba / Upper"
synthetic.3,DE,"Murg @ Kirschbaumwasen [geschätzter Überlauf]",48.621498,8.356,m³/s,5,25,60,"Murg / Mittlere (Kirschbaumwassen - Forbach)"
vbg.V334618,DE,"Leiblach @ Unterhochsteg",47.537102,9.7362,m³/s,10,22,35,"Leiblach / Obernützenbrugg - Burgstall"
rz.1087,ES,"Ara @ Boltaña",42.436199,0.0783,m³/s,20,60,300,"Ara / Broto - Fiscal | Ara / Bujaruelo - Puente de Sta. Helena | Ara / Gorge de Boltana (Janovas - Boltana) | Ara / Les Dalles (Puente de Sta. Helena - Puente de los Navarros | Ara / Puente de los Navarros - Torla | Ara / Torla - Broto"
rz.1088,ES,"Aragón @ Jaca",42.578499,-0.5543,m³/s,10,45,None,"Aragon / Askara-Puente la Reina"
rz.1089,ES,"Arga @ Eugui",42.9702,-1.5148,m³/s,4,12,20,"Arga / Eugui-Zubiri"
rz.1090,ES,"Cinca @ Fraga",41.551899,0.3233,cm,120,135,None,"Cinca / Bajo"
rz.1091,ES,"Cinca @ Lafortunada",42.542702,0.1959,m³/s,15,35,None,"Cinca / Devotas (Salinas - Lafortunada) | Barrosa / Parzan - Bielsa | Cinca / Alto Cinca (Bielsa - Salinas)"
rz.1092,ES,"Esera @ Campo",42.424702,0.3878,m³/s,10,25,50,"Esera / Las Piramides (Campo - Santa Liestra) | Esera / Congost de Seira (Seira - Campo) | Esera / Congost de Ventamillo (El Run - Seira)"
rz.1093,ES,"Irati @ Liédena",42.623699,-1.2949,m³/s,6,15,None,"Irati / Foz de Lumbier"
rz.1094,ES,"Iregua @ Villoslada",42.1259,-2.6533,m³/s,4,11,30,"Iregua / Sifon"
rz.1095,ES,"Leza @ Leza",42.330299,-2.4078,m³/s,6,9,12,"Leza / "
rz.1096,ES,"N. Pallaresa @ Collegats",42.2747,1.0341,m³/s,10,40,200,"Noguera Pallaresa / Llavorsi - Rialp | Noguera Pallaresa / Baro - Collegats | Noguera Pallaresa / Rialp - Sort"
rz.1097,ES,"Najerilla @ Anguiano",42.256199,-2.7781,m³/s,6.5,12,20,"Najerilla / Clasico"
rz.1098,ES,"Subordán @ Javierregay",42.576801,-0.7545,m³/s,15,45,None,"Subordan / Hecho - Puente la Reina"
rz.1099,ES,"Urrobi @ Espinal (GN)",42.9678,-1.3541,cm,40,55,100,"Urrobi / Camping de Urrobi - Puente de Arrieta"
rz.1143,ES,"Esera @ Eriste",42.5788,0.4714,m³/s,8,17,None,"Esera / Eriste - Villanova"
rz.1145,ES,"Irati @ Orbaiceta",42.9846,-1.1638,m³/s,4,10,15,"Irati / Chalet Pedro - Lac d'Iraty"
rz.1336,ES,"Irati @ Irati-Oroz - Betelu",42.892101,-1.3034,cm,25,35,50,"Irati / Olaldea - Oroz-Betelu"
rz.1339,ES,"Cinqueta @ Cinqueta Molino Gistain",42.6124,0.3463,cm,80,115,None,"Cinqueta / Basse Cinqueta | Cinqueta / Classique (Las Fontaciellas - Puente de la Fonderia) | Cinqueta / Gargantas de Gistain (Ermita de la Virgen Blanca - Las Fontaciellas) | Cinqueta / Puente de la Fonderia - San Juan de Plan"
rz.1341,ES,"Oria @ Leitzaran",43.208302,-2.0154,m³/s,5,15,30,"Leizaran / "
rz.1446,ES,"Isábena @ Capella",42.193802,0.3954,m³/s,14,22,30,"Isabena / Monasterio de Obarra - 	Puente de Pardinella | Isabena / Puente de Pardinella - Serraduy"
rz.23,ES,"Escá @ Sigüés",42.645,-1.0122,m³/s,8,20,None,"Esca / Burgui - Sigues"
rz.24,ES,"Gállego @ St Eulalia",42.271301,-0.751,m³/s,13,45,200,"Gallego / Presa de la Peña - Carcavilla Superior | Gallego / Carcavilla Superior - Murillo"
rz.25,ES,"Inaroz @ Ubagua-Riezu",42.765099,-1.9545,cm,90,115,160,"Ubagua / "
rz.27,ES,"Lumbreras @ Lumbreras",42.100201,-2.6221,m³/s,4,6,12,"Piqueras / "
rz.28,ES,"Salazar @ Aspurz",42.714199,-1.1603,m³/s,10,22,None,"Salazar / Foz de Arbayun"
rz.29,ES,"Urederra @ Eraul",42.691799,-2.0486,cm,90,125,180,"Urederra / Urederra (Inzura)"
rz.30,ES,"Veral @ Biniés",42.6558,-0.7861,m³/s,4,6,8,"Veral / Foz Verde - Foz de Biniés | Veral / Puente de Zabalcochs - Anso | Veral / Zuriza - Puente de Zabalcochs"
2170,FR,"Arve @ Genève, Bout du Monde",46.180302,6.1593,m³/s,30,60,100,"Arve / Slalom Annemasse"
2289,FR,"Rhein @ Basel, Rheinhalle",47.559399,7.6167,m³/s,None,None,None,"Canal de Huningue / Parc des Eaux Vives, Huningue"
2370,FR,"Doubs @ Le Noirmont, La Goule",47.229198,6.9293,m³/s,12,40,100,"Doubs / Slalom Goumois"
2371,FR,"Orbe @ Le Chenit, Frontière",46.5508,6.1535,m³/s,3,6,10,"Orbe / Bois d Amont - le Cenif"
K010002010,FR,"Loire @ Goudet",44.889099,3.9219,m³/s,6.5,12,20,"Loire / Pont en amont de Salettes - Goudet | Loire / Goudet - Chadron"
K043303001,FR,"Lignon @ Grazac [Barrage de la Chapelette]",45.167702,4.1788,cm,15,20,25,"Lignon du Velay / Pont de l'Enceinte - Montelly | Lignon du Velay / Montelly - Pont de Lignon | Auze / Pont du Fraysse (D7) - Le Chambonnet"
K045401001,FR,"Dunières @ Ste-Sigolène [Vaubarlet]",45.214802,4.2146,m³/s,5,9,None,"Dunières / Pont du Terrières (D500) - Barrage de Cublaise"
K054301001,FR,"Ance @ Beauzac [Bérard]",45.276199,4.0811,m³/s,7,13,30,"Ance / Le Plot - Chizeneuve"
K055001010,FR,"Loire @ Bas-en-Basset",45.2952,4.118,m³/s,13,65,120,"Loire / Pont de Lignon - Bas en Basset"
K056752001,FR,"Semène @ St-Didier-en-Velay [Le Crouzet]",45.314499,4.2496,m³/s,7,10,15,"Semène / Pont Salomon - La Loire | Semène / La Séauve-sur-Semène – Pont Salomon"
K067331001,FR,"Coise @ St-Médard-en-Forez [Moulin Brûlé]",45.6077,4.3754,m³/s,5,8,14,"Coise / Saint Galmier - Saint Denis sur Coise"
K073322001,FR,"Lignon @ Chalmazel [Chevelières]",45.6968,3.867,cm,80,90,100,"Lignon du Forez / Scierie de Pont de Chevelière - Pont Neuf (D110) | Lignon du Forez / Pont Neuf (D110) - Pont du Diable"
K081302001,FR,"Aix @ St-Germain-Laval",45.834301,3.9872,m³/s,6,10,15,"Aix / Grézolles - Saint Germain Laval (Baffy)"
K208082001,FR,"Allier @ Naussac [La Valette]",44.756901,3.8324,m³/s,7,20,40,"Allier / Jonchères - Chapeauroux | Allier / Saint Etienne du Vigan - Jonchères | Allier / Naussac (La Valette) - Saint Etienne du Vigan"
K217302001,FR,"Chapeauroux @ St-Bonnet-de-Montauroux",44.817501,3.7121,m³/s,6,12,18,"Chapeauroux / Pont de Laval-Atger - Camping de Chapeauroux | Chapeauroux / Pont de Pierrefiche - Pont de la retenue d'Auroux"
K224082001,FR,"Allier @ Prades [Pont amont Seuges]",45.029499,3.5947,m³/s,7,20,40,"Allier / Monistrol - Prades"
K251401001,FR,"Allanche @ Pont du Vernet",45.134399,3.0069,m³/s,9,11,15,"Aspre / Pont de la Bastide - Pont D35 | Bertrande / Saint Charmant (D922) - Retenue d'Enchanet (D42) | Maronne / Saint Martin Valmeroux - Retenue d'Enchanet (D42) | Allanche / Allanche - Le Pont du Vernet"
K252301001,FR,"Alagnon @ Joursac",45.159199,3.0273,m³/s,10,15,20,"Authre / Pont de Bessanès - Pont de la Marie | Cère / Thiézac - Vic sur Cère | Cère / Sansac de Marmiesse - Pont du Maudour | Alagnon / Neussargues en Pinatelle - Ferrières-Saint-Mary | Alagnon / Ferrières-Saint-Mary - Molompize"
K265401001,FR,"Couze Pavin @ St-Floret",45.5508,3.1112,cm,45,60,75,"Couze Pavin / Cotteuge - Saurier | Couze de Valbeleix / Valbeleix - Pont de la micro-centrale (D26) | Couze de Valbeleix / Après le barrage de la micro-centrale - Courgoul"
K287191001,FR,"Dore @ Giroux-Dore",45.689301,3.6105,m³/s,20,35,50,"Dore / Giroux Vieux - Pont de Sauviat"
K518302001,FR,"Tardes @ Chambon-sur-Voueize [Camping]",46.186901,2.4342,m³/s,5,None,None,"Voueize / Pont Bredeix (D55) - Chambon sur Voueize (Pont D915)"
L005063001,FR,"Vienne @ Eymoutiers",45.740299,1.743,cm,90,110,130,"Vienne / Station d'épuration d'Eymoutiers - Usine Electrique de Bussy | Vienne / Usine Electrique de Bussy - Gare de Châteauneuf Bujaleuf"
L403301001,FR,"Rozeille @ Moutier-Rozeille",45.9319,2.1772,m³/s,3,6,15,"Rozeille / Moulin de Bussière - Pont D982"
L532301001,FR,"Brame @ Oradour-St-Genest",46.251701,0.999,cm,90,None,None,"Brame / Moulin de Brame - Base de Lathus | Sedelle / Pont de Charreau - Crozant (Pont)"
O014402001,FR,"Neste @ Arreau-Aure",42.905602,0.3574,cm,130,150,180,"Neste d'Aure / Saint-Lary - Arreau | Neste d'Aure / Arreau - Sarrancolin"
O016434001,FR,"Neste du Louron @ Arreau-Louron",42.904598,0.36,cm,80,100,150,"Neste du Louron / Adervielle - Centrale d'Avajan | Neste du Louron / Centrale d'Avajan - Centrale d'Arreau"
O036252001,FR,"Salat @ Soueix-Rogalle",42.888199,1.2123,cm,95,130,None,"Garbet / Aulus les Bains - Alent | Garbet / Gorges (Alent - Ercé) | Garbet / Ercé - Oust | Salat / Espis - Salau | Salat / Salau - Couflens | Salat / Couflens - Moulin Lauga | Salat / Moulin Lauga - Kerkabanac | Alet / Escots - Moulin Lauga | Ruisseau des Cors (Haut Alet) / Haute-Garonne - new 10"
O048401001,FR,"Lez @ Engomer [Balaguères]",42.949501,1.0551,m³/s,10,None,None,"Lez / Audressein - Engomer"
O102251002,FR,"Ariège @ Ax-les-Thermes",42.722698,1.8346,cm,100,None,None,"Ariège / Mérens les Vals (Pont de l'Arène) - Ax les Thermes | Oriège / Forges d'Orlu - Orgeix (Lac de Campauleil)"
O114462001,FR,"Vicdessos @ Vicdessos",42.768101,1.5003,cm,-35,-25,None,"Vicdessos / Camping de Vicdessos - Tarascon | Vicdessos / Marc - Auzat"
O171253001,FR,"Ariège @ Auterive [HE]",43.350101,1.4749,cm,None,None,None,"Ariège / Venerque - Portet sur Garonne"
O303101001,FR,"Tarn @ Cocurès",44.345901,3.6205,cm,190,215,250,"Tarn / Pont de Montvert - Barrage de la Vernède | Tarn / Restitution de la Vernede - Cocurès | Tarn / Cocurès - Le Pont du Tarn | Gourdouze / Vialas: Pont de la Brune - Pont vers Trémiéjol"
O306404001,FR,"Tarnon @ Vébron",44.228401,3.5783,cm,75,110,145,"Tarnon / Maison forestiére du Marquairès - Rousses | Tarnon / Rousses - Pont de Racoules"
O308435001,FR,"Mimente @ Cassagnas",44.2696,3.7308,cm,150,170,None,"Mimente / Pont des Crozes - St Julien d'Arpaon | Mimente / St Julien d'Arpaon -  La Salle Prunet"
O319401002,FR,"Jonte @ Meyrueis [aval] [HE]",44.180099,3.4288,cm,25,35,None,"Jonte / Les Douzes - Le Rozier"
O331401002,FR,"Dourbie @ Dourbies [Le Mazet]",44.07,3.4663,cm,63,80,100,"Dourbie / Pont de Prunaret - Dourbies | Dourbie / Dourbies - Le Mourier"
O340101002,FR,"Tarn @ Millau [HE]",44.0923,3.0756,m³/s,10,50,150,"Tarn / Les Vignes - Le Rozier"
O353401001,FR,"Dourdou @ Camarès",43.820801,2.8804,cm,85,110,125,"Dourdou / Arnac sur Dourdou - Brusque, VVF de Céras"
O375401001,FR,"Rance @ St-Sernin-sur-Rance",43.8867,2.6022,cm,37,60,90,"Rance / Notre Dame d'Orient - Balaguier | Rance / Plaisance - Saint Pierre | Mouss / Pont de la D33 – Saint Pierre"
O400101001,FR,"Tarn @ Albi",43.931702,2.1441,cm,-50,-30,-10,"Tarn / Bassin de slalom du Saut De Sabo | Tarn / Trébas - Courris | Tarn / Marsal - Les Avalats"
O477402001,FR,"Dadou @ Graulhet",43.762798,1.9903,cm,70,90,None,"Dadounet / Pont de la pisciculture - Confluence Dadou | Dadou / Confluence Dadounet - La Roque"
O519254001,FR,"Aveyron @ Villefranche-de-Rouergue [HE]",44.350201,2.0412,cm,10,35,50,"Aveyron / Najac pont St Blaise - Laguépie"
O522401001,FR,"Alzou @ Villefranche-de-Rouergue [Barrage Cabal]",44.3568,2.0494,cm,42,55,100,"Alzou / Classique (Le moulin de Ramon - Boscau pont ferroviaire)"
O541401001,FR,"Céor @ Cassagnes-Bégonhès",44.169701,2.5296,cm,None,70,None,"Céor / Classique (Moulin de Born - Lestrebaldie)"
O548293002,FR,"Viaur @ St-Just-sur-Viaur [Le Cambon]",44.123699,2.365,cm,45,70,None,"Viaur / Tayac - Pont du Navech | Viaur / Pont de La Roque - La Vicasse"
O576251001,FR,"Aveyron @ Montricoux",44.073002,1.6167,cm,10,50,80,"Aveyron / Turlande - Cazals"
O702153003,FR,"Lot @ Mende [HE]",44.520901,3.4949,cm,55,66,80,"Lot / Bagnols les Bains - Nojaret"
P159251001,FR,"Maronne @ Argentat [Basteyroux]",45.083401,1.9463,m³/s,5,20,40,"Maronne / La Broquerie - Argentat (D12)"
P165001001,FR,"Dordogne @ Altillac [Beaulieu]",44.977299,1.8435,cm,110,130,170,"Dordogne / Vague de Beaulieu - Bras de gauche | Dordogne / Vague de Beaulieu - Sous la passerelle | Dordogne / Vague de Carennac"
P190291001,FR,"Cère @ Nèpes",44.959702,2.2014,m³/s,15,30,None,"Maronne / Barrage du Gour Noir - Tours de Merle (D13) | Cère / Lamativie gare - Laval de Cère | Cère / La Roquebrou - Lamativie gare"
P303101001,FR,"Vézère @ Monceaux-la-Virolle [Lestards]",45.576199,1.8382,cm,80,90,100,"Vézère / Gorges de la Virolle (Viam - Treignac)"
P320101001,FR,"Vézère @ Voutezac [Le Saillant]",45.284901,1.4638,m³/s,8,30,60,"Vézère / Vigeois - Estivaux"
P323401001,FR,"Loyre @ Voutezac [Pont-de-l'Aumonerie]",45.306099,1.4151,m³/s,2,4,6,"Clan / Allassac (Pont D34 - Passerelle de Verdier) | Brezou / Pont de Bleygeat (D156) - Confluence avec la Vézère | Loyre / Orgnac sur Vézère (Pont D9E2) - Ceyrat (Pont D134) | Clan / Passerelle de Verdier - Donzenac (Pont du Gaucher)"
P332251001,FR,"Corrèze @ St-Yrieix-le-Déjalat",45.468498,1.9647,cm,70,83,115,"Douyge / Pont du Mas - Usine hydroélectrique | Doustre / Pont sous Salins - Champagnac la Nouaille (Pont D60E) | Soudeillette / Pont sous Darnets (D103) - Pont des Bouyges | Corrèze de Pradines / Pradines - Pont de Grandsaigne | Corrèze / Saint Yrieix le Déjalat (Pont de Lanour - Le saut du Loup) | Corrèze / Saint Yrieix Le Déjalat (Le saut du Loup) - Sarran (Pont de Rouffiat) | Corrèze / Sarran (Pont de Rouffiat) - Corrèze (Camping) | Corrèze / Bar (Centrale hydroélectrique) - Tulle | Luzège / Pont de l'Herme - Pont des Bouyges | Luzège / Pont des Bouyges - Meynie (Pont D62) | Vianon / Pont vers Espinasse - Saint Hilaire Luc | Vianon / Saint Hilaire Luc - Retenue de la Luzège | Diège / Saint Pardoux Le Vieux (Pont D9) - Chaveroche (Pont D67) | Diège / Chaveroche (Pont D67) - Pont Tabourg | Diège / Pont Tabourg - Pont Rouge | Riou Tort / Barrage du Riou Tort - Confluence avec la Maronne | Ruisseau d'Égletons / Egletons (Lac du Deiro) - Pont sous Darnets (D103) | Ruisseau de la Vigne / Pont D991 - Pont Roudal | Vézère de Pérols / Pont entre Pérols et Coudert - Retenue de Viam | Vézère de Saint-Merd / Pont Crouziat - Retenue de Viam | Chavanon / Gorges (Pont D1089 - Lac de Bort les Orgues) | Corrèze / Ruines de Montamar - Pont de Lanour"
P335252001,FR,"Corrèze @ Corrèze",45.372299,1.8802,cm,135,160,220,"Corrèze / Corrèze (Pont Neuf) - Bar (Centrale hydroélectrique)"
P350251001,FR,"Corrèze @ Tulle",45.274899,1.7793,m³/s,5,15,40,"Corrèze / Tulle - Saint-Hilaire-Peyroux"
P367401001,FR,"Saint-Bonnette [La Montane] @ Laguenne",45.250801,1.7655,cm,100,125,150,"Montane / Etang de Ruffaud - Gimel les Cascades | Montane / Sous les cascades de Gimel - Pont de la Prade | Montane / Pont de la Prade - Confluence avec la Saint Bonnette | Saint-Bonnette / Pont sous Bussière - Confluence avec la Saint Bonnette"
P634251001,FR,"Auvézère @ Cubas",45.297798,1.1273,cm,155,170,185,"Auvézère / Savignac Lédrier - Saint Mesmin (Pont du moulin, D72)"
Q010003001,FR,"Adour @ Bagnères-de-Bigorre",43.061298,0.1553,cm,60,80,110,"Adour de Lesponne / Chiroulet - Pont d'Abay | Adour de Lesponne / Pont d'Abay - Pont de Lesponne | Adour de Lesponne / Pont de Lesponne - Usine de Baudéan | Adour de Payolle / Pont de Trassouet - Pont de Campan | Adour de Payolle / Pont de Campan - Usine de Baudéan | Adour / Usine de Baudéan - Bassin de Slalom de Bagnères de B. | Adour / Bassin de Slalom de Bagnères de B. - Bassin de Slalom de Tarbes"
Q052253001,FR,"Arros @ Tournay",43.184101,0.2411,cm,40,55,80,"Arros / Gourgue d'Asque - Pont de Bulan | Arros / Pont de Bulan - Bourg de Bigorre"
Q470101001,FR,"Gave de Pau @ Argelès-Gazost",43.005199,-0.0814,cm,90,100,None,"Gave de Pau / Gorges de Luz (Pont de la Reine - Villelongue) | Gave de Pau / Argeles-Gazost - Lourdes | Gave d'Azun / Aucun - Centrale de Nouaux | Gave d'Azun / Centrale de Nouaux - Pont de Tilhos | Gave de Pau / Villelongue - Argeles-Gazost"
Q485000101,FR,"Ouzom @ Asson",43.140701,-0.2511,cm,40,60,80,"Ouzom / Ferrières - Pont de l'Arressec"
U100401001,FR,"Ognon @ Fourguenons [Servance]",47.8027,6.6676,m³/s,None,None,None,"Ognon / Pont de Miellin - Ternuay | Doue de l'Eau / L'Envers de la Grève - Champs Pory"
U234502001,FR,"Savoureuse @ Giromagny",47.741199,6.8275,m³/s,8,11,14,"Savoureuse / Malvaux - Giromagny"
U260406001,FR,"Loue [source] @ Ouhans",47.0116,6.2989,m³/s,7,11,14,"Loue / La source de la Loue - Mouthier (usine électrique)"
V293401001,FR,"Albarine @ St-Denis-en-Bugey [Pont-St-Denis]",45.9548,5.3317,m³/s,6,25,50,"Albarine / Saint Rambert (Pont D1504) - Pont de Bettant (D77A)"
V414521101,FR,"Eyrieux @ Pont de Chervil",44.8825,4.5252,cm,155,None,None,"Eyrieux / Le Nassier - Saint-Sauveur-de-Montagut | Eyrieux / Belsentes – Le Nassier"
V417402101,FR,"Eyrieux @ Pontpierre",44.815701,4.7069,m³/s,12,None,None,"Eyrieux / Le Moulinon - Les Ollières sur Eyrieux | Eyrieux / Les Ollières sur Eyrieux - Pimpie | Eyrieux / Pimpie - St Laurent du Pape"
V426401001,FR,"Drôme @ Saillans",44.689899,5.2085,m³/s,4,40,75,"Drôme / Die - Pontaix | Drôme / Pontaix - Saillans | Drôme / Saillans - Aouste sur Sye | Roanne / Pont de la D135 - Coopérative viticole"
V501401001,FR,"Ardèche @ Vogüé",44.542599,4.4098,m³/s,10,None,None,"Ardèche / Aubenas (pont Jaune) - Vogüe"
V503502001,FR,"Baume @ Rosières",44.481602,4.2514,m³/s,10,20,50,"Baume / Pont de Chastenet - Pont du Gua | Baume / Pont du Gua - Pont des Malines | Baume / Pont des Malines - Pont submersible de Vernon | Drobie / Sablières (Pont du Mas) - Intersection D220 / D320 | Drobie / Intersection D220 / D320 - Pont des Malines | Sueille / Dompnac - Pont de la D220"
V532401002,FR,"Aigue @ St-May [RD 562]",44.425701,5.3174,m³/s,5,12,25,"Eygues / Rémuzat - Saint May"
V712401501,FR,"Gard @ Mialet",44.1259,3.9095,m³/s,6,30,60,"Gardon de Mialet / Pont de Falguière - Passerelle submersible des Plans | Gardon de Mialet / Pont du Martinet - Pont de Falguière"
X045401001,FR,"Ubaye @ Le Lauzet-Ubaye [Roche-Rousse]",44.449501,6.399,m³/s,20,40,60,"Ubaye / Sortie des gorges de St.Paul - Jausiers | Ubaye / Les Thuiles - La Fresquière | Ubaye / Ex-infrans (La Fresquière - Le Martinet) | Ubaye / Classique (Le Martinet - Le Lauzet) | Ubaye / Infrans du bas (Le Lauzet - Le Lac) | Bachelard / Le grand pont D902 - Barcelonnette | Bachelard / Les Longs - Le grand pont D902"
X281121001,FR,"Verdon @ Vinon-sur-Verdon [Le Hameau]",43.727798,5.8134,m³/s,15,36,48,"Verdon / Slalom Vinon Sur Verdon"
Y255001002,FR,"Orb @ Vieussan [Aval]",43.534698,2.9858,m³/s,5,20,None,"Orb / Barrage de Colombières - Tarassac | Orb / Tarassac - Ceps"
Y340403001,FR,"Vidourle @ St-Hippolyte",43.9608,3.8625,cm,50,70,90,"Salindrenque / Pont de la Laine - Lasalle (Pont du Pailler) | Bouzons / Pont des Vignolles - Lasalle | Vidourle / Pont de Malignos - Pont de l'Eglise de Cros"
Y561503001,FR,"Loup @ Villeneuve-Loubet [Moulin du Loup]",43.648201,7.1374,cm,70,100,140,"Loup / Les Gorges du Loup (Plage à Maguy - Camping le Castellas) | Loup / Camping Castellas - Base de plein air SPCOC Canoe Kayak | Loup / Base de plein air SPCOC Canoe Kayak - Embouchure"
Y612501201,FR,"Var @ Malaussène",43.9333,7.1192,m³/s,None,None,None,"Var / Touët-sur-Var - Malausséne | Var / Puget-Théniers - Touët-sur-Var | Var / Malausséne - Confluence Tinée"
Y702000201,FR,"Golo @ Omessa [Francardo2]",42.4006,9.1941,cm,160,200,250,"Golo / Ponte Castirla - Francardo | Golo / Francardo - Ponte Leccia"
Y711000201,FR,"Asco @ Morosaglia [Ponte-Leccia]",42.475399,9.2045,cm,110,None,None,"Asco / Haut (Pont Genois - Pont de la D147) | Asco / Moyen (Pont de la D147 - Pont de Tesa)"
Y721000101,FR,"Golo @ Volpajola [Barchetta]",42.506699,9.3723,cm,100,150,190,"Golo / Bas (Barchetta - Casamozza) | Golo / Ponte Novu - Barchetta"
Y830000101,FR,"Gravona @ Peri",42.0005,8.8795,cm,145,170,200,"Gravona / Bocognano (Passerelle après Busso) - Tavera (Pont de Vignale) | Gravona / Camping de Tavaco - Sarrola Carcopino (Pont de Cuttoli, D1)"
Y900000101,FR,"Restonica @ Corte",42.263302,9.0877,cm,95,115,None,"Restonica / Bas (Pont du camping - Corte, Pont de la N2193)"
Y902000101,FR,"Vecchio @ Venaco [Pont de Noceta]",42.224098,9.2054,cm,135,180,None,"Vecchio / Bas (Pont de Noceta - Pont d'Ajuinta) | Vecchio / Moyen (Pont de la N193 - Pont de Noceta) | Vecchio / Gorge Haute (Canaglia - Pont de la N193)"
Y911000201,FR,"Tavignano @ Antisanti [Pont du Faïo]",42.182098,9.3869,cm,125,170,230,"Tavignano / Gorge (Ernella - Pont de la N200) | Tavignano / Pont d'Ajuinta - Ernella"
rdbrmc.1,FR,"Valserine @ Chézery",46.221802,5.8657,m³/s,7,14,20,"Valserine / Le Boulu - Niaizet | Valserine / Niaizet - 300m plus bas | Valserine / Sous Niaizet - La Rivière | Valserine / La Rivière - Chézery | Valserine / Chézery - Pont du Dragon"
rdbrmc.1000,FR,"Doubs @ Ville-du-Pont [Spey]",47.002998,6.4803,m³/s,7,25,60,"Doubs / Défilé d'Entreroches - Grotte du Trésor"
rdbrmc.1027,FR,"Dranse de Morzine @ Baume",46.265099,6.6205,m³/s,10,16,20,"Dranse d'Abondance / Le Fion - Digue | Dranse d'Abondance / Centfontaine - Le Fion | Dranse d'Abondance / Abondance - Centfontaine | Dranse de Morzine / Saint Jean D'Aulps - Avant le tunnel des Tines | Dranse de Morzine / Après le tunnel des Tines - Baume"
rdbrmc.1047,FR,"Isère @ La Gache [DREAL]",45.434898,6.0048,cm,180,240,330,"Isère / Vague de Goncelin"
rdbrmc.1062,FR,"Dranse @ Reyvroz",46.326302,6.5858,m³/s,6,15,25,"Dranse / Centrale électrique de Bioge - 800m sous le pont de la D902 | Dranse / 800m sous le pont de la D902 - Base de raft"
rdbrmc.1099,FR,"Luech @ Chamboredon",44.306599,4.0437,m³/s,4,None,None,"Luech / Pont du Goubelet - Camping de Peyremale"
rdbrmc.1107,FR,"Ay @ Ardoix",45.191502,4.7698,m³/s,2.5,5,8,"Rivière d'Ay / Pont de la D221 - Sarras"
rdbrmc.1151,FR,"Oignin @ Maillat",46.134201,5.539,m³/s,7,16,25,"Borrey / Pont D12 Vieu-d'Izenave - Roche Lamartine | Borrey / Sous la cascade de la Roche Lamartine - Pont d'Oisselaz"
rdbrmc.1243,FR,"Dordogne @ St-Sauves-d'Auvergne",45.6036,2.6874,m³/s,4,10,15,"Dordogne / Gorges d'Avèze: La Bourboule (Centrale électrique) - Avèze (Pont D987)"
rdbrmc.1244,FR,"Burande @ la Tour-d'Auvergne",45.528599,2.6964,m³/s,1.6,2.3,3,"Burande / Singles (Pont D 73) - Pont Vieux"
rdbrmc.1246,FR,"Grande Rhue @ Condat - Nouvelle échelle rive gauche",45.3381,2.7623,m³/s,10,15,20,"Eau verte / Saint Genes Champespe (Pont D88) - Labanut ( D522, Prise d'eau) | Rhue / Pont de Chanterelle - Pont du hameau de la Chapelle | Santoire / Saint Bonnet de Condat - Feniers (Pont D62) | Santoire / Feniers (Pont D62) - Condat (Pont de la Laspeyrière: D678) | Tarentaine / Pont du Diable - Champs sur Tarentaine (Pont du Gondier: D49) | Rhue / Pont du hameau de la Chapelle - Pont de Condat | Rhue / Barrage des Essarts - Confluence avec la Petite Rhue | Rhue / Barrage de Voussaire - Confluence avec la Tarentaine | Tarentaine / Pomier - Barrage de la Tarentaine | Tarentaine / Barrage de la Tarentaine - Pont du Diable | Tarentaine / Champs sur Tarentaine (Pont du Gondier: D49) - Confluence avec la Rhue (Pont D22) | Petite Rhue / Apchon (Pont D3) - Pont D678 | Petite Rhue / Pont D678 - Retenue du barrage de Journiac | Véronne / Riom ès Montagnes - Retenue du barrage de Journiac"
rdbrmc.1252,FR,"Mars @ Bassignac",45.296902,2.3878,m³/s,7,11,15,"Marilhou / Le moulin de Flore (D22 entre Meallet et Auzers) - Vendes (Pont D922 sur la Sumène) | Mars / Pons - Vendes"
rdbrmc.1257,FR,"Jordanne @ Aurillac [Passerelle Paul Riotte]",44.923599,2.4447,m³/s,5,10,None,"Jordanne / Le Liaumiers - Lascelles"
rdbrmc.158,FR,"Hérault @ Gignac [Aval]",43.651501,3.5346,m³/s,2,16,30,"Hérault / Gorges du diable (Saint Guilhem le Désert - Pont du diable)"
rdbrmc.184,FR,"Sémouse @ St-Loup-sur-Semouse",47.885601,6.2717,m³/s,12,15,None,"Semouse / Les Forges Neuves et Semouse - Pont de La Chaudeau | Augronne / Casino de Plombières les Bains - Les Prés Lamber"
rdbrmc.21,FR,"Doubs @ Besançon",47.240299,6.03,m³/s,300,380,450,"Doubs / La Malate, Vague, Besançon | Doubs / Deluz, Vague, proche de Besançon | Doubs / La Scie, Vague, proche de Besançon | Doubs / Le Millénium, Baume les Dames"
rdbrmc.211,FR,"Fier @ Dingy-St-Clair",45.904999,6.2067,m³/s,7,30,50,"Fier / Dingy - Pont de Brogny | Nom / Plan du Bourgeal - Thônes"
rdbrmc.213,FR,"Chéran @ Allèves [La Charniaz]",45.720699,6.1034,m³/s,7,14,28,"Chéran / Pont avant Le Chatelard - Barrage du Pont de Bange | Chéran / Pont de l'Abime - Alby | Chéran / Alby - Rumilly"
rdbrmc.219,FR,"Guiers @ St-Laurent-du-Pont",45.388699,5.7362,m³/s,None,None,None,"Guiers Mort / St.Pierre de Chartreuse - Pont Péran | Guiers Mort / Pont de St.Bruno - Tunnel Fourvoirie"
rdbrmc.22,FR,"Loue @ Vuillafans",47.0555,6.2272,m³/s,4,20,100,"Loue / Mouthier - Vuillafans"
rdbrmc.233,FR,"Galaure @ St-Uze",45.18,4.8496,m³/s,7,15,30,"Galaure / Sainte Uze - Saint Vallier"
rdbrmc.236,FR,"Glueyre @ Gluiras",44.829601,4.5184,m³/s,2,None,None,"Glueyre / Pont de Champlovier - Pont submersible | Auzène / Pont d'Auzène - Le Moulinon | Auzène / Les Farges - Pont d'Auzène | Dorne / Dornas – Mariac | Glueyre / Pont de Moyere - Pont de Champlovier | Dorne / Darnepessac – Pont  de la Gardette | Talaron / Lascours – Pont  de la D409 | Glueyre / Albon - Pont de Moyère"
rdbrmc.238,FR,"Bès @ Châtillon-en-Diois",44.6931,5.4907,m³/s,7,12,20,"Archiane / Archiane - Menée | Bès / Pont de Boulc - Châtillon en Diois | Bès / Châtillon en Diois - Pont de Quart"
rdbrmc.243,FR,"Ardèche @ Pont-de-Labeaume",44.666302,4.2908,m³/s,10,40,80,"Ardèche / Pont de Labeaume - Lalevade"
rdbrmc.251,FR,"Bonne @ Entraigues [Pont Battant]",44.900299,5.9445,m³/s,10,15,None,"La Bonne / Gragnolet - Entraigues | La Bonne / Valbonnais - Pont de la N85 | La Bonne / Barrage du Pont Haut - Pont de Ponsonnas (D526)"
rdbrmc.254,FR,"Méaudret @ Méaudre",45.112099,5.531,cm,80,100,None,"Bourne / Pont de la D531 - La Balme de Rancurel"
rdbrmc.27,FR,"Dessoubre @ St-Hippolyte",47.305199,6.7941,cm,95,100,130,"Dessoubre / Pont de l'Engoulot - Gigot"
rdbrmc.298,FR,"Gardon de Saint-Jean @ St-Jean-du-Gard",44.103901,3.8838,m³/s,8,20,40,"Gardon de Saint-Jean / Le Cabanis - Saint-Jean-Du-Gard"
rdbrmc.38,FR,"Bienne @ Jeurre",46.362701,5.7062,m³/s,45,100,250,"Bienne / La Rixouse - St. Claude"
rdbrmc.433,FR,"Ain @ Bourg-de-Sirod",46.723999,5.9558,m³/s,12,40,80,"Ain / Source de l'Ain - Sirod"
rdbrmc.434,FR,"Angillon @ Champagnole",46.755901,5.8689,m³/s,6,10,20,"Angillon / Ardon - Pont D5 | Angillon / Pont D5 - La Praz"
rdbrmc.511,FR,"Ardèche @ Vallon-Pont-d'Arc",44.398602,4.385,m³/s,5,60,150,"Ardèche / Base de Salavas - Le Pont d'Arc | Ardèche / Gorges (Le Pont d'Arc - St Martin d'Ardèche) | Ardèche / Bassin de slalom de Vallon Pont D'Arc | Ibie / Cascade de l'Ibie - Pont RD558"
rdbrmc.517,FR,"Volane @ Vals-les-Bains",44.659698,4.3672,m³/s,12,None,None,"Volane / Antraigues (Pont d'Aubert) - Vals les Bains (Pont du Bridou)"
rdbrmc.519,FR,"Doux @ Tournon",45.067001,4.7809,m³/s,20,40,60,"Duzon / Grenade (Pont D219) - Pont du Duzon"
rdbrmc.56,FR,"Saône @ Verdun-sur-le-Doubs [Pont de la RD111]",46.902802,5.023,cm,80,100,None,"Saône / Charnay-lès-Chalon"
rdbrmc.592,FR,"Seille @ Voiteur",46.755199,5.6166,m³/s,9,15,30,"Seille / Ladoye - Pont D70"
rdbrmc.683,FR,"Esteron @ Le Broc [La Clave]",43.846298,7.1567,m³/s,None,None,None,"Esteron / Roquesteron - Pont de l'Esteron"
rdbrmc.684,FR,"Esteron @ Sigale [Pont du Coude]",43.864899,6.9564,cm,None,None,None,"Esteron / Aiglun - Vascognes | Esteron / Vascognes - Le Ranc"
rdbrmc.685,FR,"Vésubie @ Utelle [Pont du Cros]",43.8787,7.2313,cm,None,None,None,"Le Boréon / Les Trois Ponts - Confluence avec la Vésubie | Vésubie / Roquebillière - Lantosque | Vésubie / Le Fourcat - Pont du Suquet | Vésubie / Saint-Jean la Rivière - le Cros d'Utelle | Vésubie / Le Cros d'Utelle - Confluence avec le Var | Vésubie / Couloir de Lantosque (Lantosque - Le Fourcat)"
rdbrmc.692,FR,"Rhône @ Lyon [Perrache-CNR]",45.7481,4.831,m³/s,1000,1200,1400,"Rhône / Hawaï-sur-Rhône - Bras gauche rive gauche | Rhône / Hawaï-sur-Rhône - Bras gauche rive droite | Rhône / Hawaï-sur-Rhône - Bras droit rive droite | Rhône / Hawaï-sur-Rhône - Bras droit au centre"
rdbrmc.72,FR,"Rahin @ Plancher-Bas",47.730801,6.73,m³/s,5,10,14,"Rahin / Maison forestière du Rahin - Plancher les Mines | Rahin / Plancher les Mines - Plancher Bas | Rahin / Plancher Bas - Champagney"
rdbrmc.753,FR,"Tinée @ St-Sauveur-sur-Tinée [Rte Chap Ste Blaise]",44.084499,7.1055,cm,None,None,None,"Tinée / Le bourguet - Barrage d'Isola | Tinée / Viaduc de Valabre - St.Sauveur | Tinée / La Gorge Rouge (St.Sauveur - Bancairon)"
rdbrmc.802,FR,"Semine @ Châtillon-en-Michaille [COZ]",46.149799,5.8005,m³/s,20,55,None,"Semine / Orvaz - Le Martinet | Semine / Le Martinet - Saint-Germain-de-Joux | Semine / Saint-Germain-de-Joux - Châtillon en Michaille"
rdbrmc.808,FR,"Guiers Vif @ St-Christophe-sur-Guiers",45.442299,5.7826,m³/s,15,22,30,"Cozon / Entremont le Vieux - St.Pierre | Guiers Vif / Les Gorges (D520c - St. Christophe)"
rdbrmc.83,FR,"Ouvèze @ Buis-les-Baronnies",44.253201,5.2549,cm,200,225,250,"Ouvèze des Baronnies / Vercoiran - Buis les Baronnies"
rdbrmc.849,FR,"Menoge @ Bonne",46.165699,6.3208,m³/s,5,10,15,"Menoge / Saint Andre de Boëge - Pont de Fillinges | Menoge / Pont de Bonne - Bassin de slalom d'Annemasse"
rdbrmc.864,FR,"Dessoubre @ Rosureux",47.2187,6.6865,m³/s,5,20,35,"Reverotte / Défilé Epais Rochers - Gigot | Reverotte / Le Puits de la Doye - Défilé Epais Rochers"
rdbrmc.888,FR,"Siagne @ Callian [Ajustadoux]",43.6646,6.7621,cm,90,130,170,"Siagne / Usine électrique au dessus de St.Cézaire - St Cassien les bois | Siagnole / Mons (D56) - Confluence avec la Siagne (D96)"
rdbrmc.91,FR,"Toulourenc @ Veaux",44.215099,5.2139,cm,75,80,90,"Toulourenc / St Leger du Ventoux - Malaucène (Les Championnes)"
rdbrmc.953,FR,"Bienne @ Morez",46.531101,6.016,m³/s,2,8,14,"Bienne / Usine hydroélectrique de Tancua - La Rixouse | Bienne / S.P.A De Morez - Usine hydroélectrique de Tancua"
rdbrmc.978,FR,"Ardèche [Ardèche] @ Meyras [Pont Barutel]",44.670101,4.27,m³/s,6,20,35,"Ardèche / Astet - Aleyrac | Ardèche / Mayres - Thueyts (Pont du diable)"
rz.1101,FR,"Lignon @ Chambon-sur-Lignon",45.0578,4.3009,cm,60,100,120,"Lignon du Velay / Chambon sur Lignon - Tence"
rz.1103,FR,"Vénéon @ St-Christophe-en-Oisans [DREAL]",44.937401,6.252,cm,None,None,None,"Vénéon / La Bérarde - Champhorent | Vénéon / Les Clots - Base de raft de St.Christophe | Vénéon / Base de raft de St.Christophe - Plan du Lac | Vénéon / Bourg d'Arud - Les Ougiers | Vénéon / Combe du Pré - La Bérarde"
rz.1104,FR,"Rizzanese @ Zoza [Pont de Zoza]",41.7258,9.076,cm,None,None,None,"Rizzanese / Gorge moyenne (Ponte Novu en amont de Zoza - Pont de Piombato) | Rizzanese / Bas (Pont de Piombato - Pont d'Acoravo)"
rz.1116,FR,"Saine @ Syam",46.704102,5.9403,m³/s,5,10,None,"Saine / Source - Foncine le Bas (pont D437) | Saine / Foncine le Bas - Les Planches en Montagne | Saine / Montliboz - Syam | Lemme / La Chaux - La Billaude"
rz.1133,FR,"Aude @ Quillan [Pont RD118]",42.877701,2.1851,m³/s,4,None,None,"Aude / Défilé de Pierre Lys | Aude / Gorge de St-Georges"
rz.1149,FR,"Ariège @ Foix",42.966301,1.6089,m³/s,20,50,100,"Ariège / Stade d'eau-vive du Rebech (Foix)"
rz.1150,FR,"Gave d'Aspe @ Urdos",42.877602,-0.5585,cm,55,75,None,"Gave d'Aspe / Etsaut - Bedous"
rz.1151,FR,"Gave d'Oloron @ Oloron-Ste-Marie [Pont SNCF]",43.199501,-0.6081,cm,20,80,160,"Gave d'Oloron / Monfort - Sauveterre | Gave d'Oloron / Moumour - Navarrenx | Gave d'Oloron / Navarrenx - Monfort | Gave d'Oloron / Oloron - Moumour"
rz.1152,FR,"Gave de Pau @ Esquièze-Sère",42.885502,-0.016,cm,90,None,None,"Gave de Gavarnie / Gavarnie - Chaos de Coumély | Gave de Gavarnie / Gèdre - Pragnères | Gave de Pau / Sassis - Pont de la Reine"
rz.1197,FR,"Buëch @ Serres [Village] [Centre-ville]",44.428799,5.7177,cm,None,None,None,"Grand Buëch / Lus la Croix haute - Saint Julien en Beauchêne | Grand Buëch / Saint Julien en Beauchêne -Serres | Petit Buëch / La Roche des Arnauds - Grand Buëch"
rz.1211,FR,"Saison @ Licq-Athérey [Pont de Licq]",43.066399,-0.8767,cm,120,140,200,"Gave de Larrau / Etchelu - Pont de la Centrale | Saison / Pont de la Centrale - Licq | Gave de Sainte Engrâce / Pont Saint Laurent - Pont de La Centrale | Gave de Sainte Engrâce / Pont de Gaztelügarrea - Lac de Kakouetta"
rz.1228,FR,"Cleurie @ Cleurie",48.0532,6.6903,cm,None,None,None,"Cleurie / La Forge - Bémont"
rz.1229,FR,"Fecht @ Muhlbach-sur-Munster",48.024399,7.0906,cm,None,None,None,"Fecht / Metzeral (Cimetière) - Breitenbach"
rz.1232,FR,"Moselle @ Rupt-sur-Moselle",47.909401,6.6859,cm,None,None,None,"Moselle / Le Thillot - Ferdrupt"
rz.1233,FR,"Moselotte @ Vagney",47.993401,6.7159,cm,None,None,None,"Moselotte / Thiéfosse - Zainvillers"
rz.1235,FR,"Weiss @ Kaysersberg [Rue de la Râperie]",48.1549,7.2309,cm,None,None,None,"Weiss / Hachimette - Pont D 11"
rz.1237,FR,"Lison @ Myon",47.031799,5.9574,m³/s,None,None,None,"Lison / Source du Lison - Chiprey"
rz.1243,FR,"Loing @ Episy-Loing",48.3367,2.7873,m³/s,5,20,35,"Le Loing / La Goulotte"
rz.1255,FR,"Borne @ St-Jean-de-Sixt",45.936298,6.4185,m³/s,4,5.5,7,"Borne / Petit Bornand - Beffay"
rz.1258,FR,"Drac @ Pont-de-Claix",45.119701,5.697,cm,None,None,None,"Drac / Champ sur Drac - Fontaine"
rz.1269,FR,"Doux @ Colombier-le-Vieux",45.058498,4.7325,m³/s,12,26,40,"Doux / Gorges (Pont des Etroits - Pont du Duzon) | Doux / Pont du Plat - Pont du Roi"
rz.1291,FR,"Arve @ Sallanches",45.940498,6.6419,cm,None,None,None,"Arve / Sallanches - Magland"
rz.1318,FR,"Fango @ Galéria",42.3936,8.7169,cm,90,None,None,"Fango / Pont de Manso - Ponte Vecchiu"
rz.1320,FR,"Ain @ Chazey-sur-Ain",45.906399,5.2335,m³/s,30,60,300,"Ain / Pont-d'Ain - Anthon"
rz.1323,FR,"Isère @ Landry",45.576698,6.7336,m³/s,10,25,50,"Isère / Stade National de Canoë Kayak, Bourg Saint Maurice | Isère / Bourg-St.Maurice - Landry | Isère / Landry - Aime | Isère / Aime - Centron"
rz.1325,FR,"Cure @ Marigny-l'Eglise [Crottefou]",47.353901,3.9641,m³/s,5,7.5,None,"La Cure / Nataloup - Gouloux | La Cure / Gouloux - Montal | La Cure / Pré de Cure - Pont de Nataloup | La Cure / Chalet du Montal - Les Îles Menéfrier"
rz.1326,FR,"Gave d'Oloron [Le Gave d'Ossau] @ Oloron [Quartier Sestiaa]",43.191799,-0.6047,cm,18,45,100,"Gave d'Ossau / Buzy - Herrère | Gave d'Ossau / Herrère - Oloron"
rz.1327,FR,"Gave d'Aspe @ Osse-en-Aspe [Bedous]",42.999599,-0.6046,cm,50,60,90,"Gave d'Aspe / Bedous - Escot"
rz.1328,FR,"Gave de Pau @ Artiguelouve",43.318802,-0.4533,m³/s,10,45,250,"Gave de Pau / Stade d'Eaux Vives du Pont d'Espagne"
rz.1329,FR,"Gave de Pau @ Orthez",43.485401,-0.7744,m³/s,50,150,250,"Gave de Pau / Stade d'Eaux Vives Orthez"
rz.1330,FR,"Gave de Pau @ St-Pé-de-Bigorre",43.1026,-0.1431,cm,30,115,None,"Gave de Pau / Lourdes - Rieulhès | Gave de Pau / Rieulhès - Pont des Grottes | Gave de Pau / Stade d'Eaux Vives du Pont des Grottes"
rz.1331,FR,"Gave d'Aspe @ Bidos",43.178299,-0.6045,cm,40,100,160,"Gave d'Apse / Soiex - Oloron"
rz.1332,FR,"Nive @ Ossès",43.230301,-1.3014,cm,75,150,250,"Nive d'Esterençuby / Source de la Nive - St Michel | Bastan / Urbakura - Bidarray | Nive / Bidarray - Itxassou | Nive / Classique - Giberlarte - Itxassou | Nive / Itxassou - Cambo | Nive / Ossès - Bidarray | Nive / Stade d'Eaux Vives Itxassou | Urrizate / "
rz.1333,FR,"Nive des Aldudes @ Baïgorry",43.184101,-1.3368,cm,50,120,200,"Nive des Aldudes / Banca - St Etienne de Baïgorry"
rz.1334,FR,"Gave de Cauterets @ La Raillère",42.880501,-0.1105,cm,125,160,None,"Gave de Cauterets / Classique (La Raillère - Cauterets) | Gave de Cauterets / Gorges Basses (Méyabat - Soulom) | Gave de Cauterets / Gorges Moyennes (Calypso - Méyabat)"
rz.1335,FR,"Gave d'Oloron [Le Gave d'Ossau] @ Laruns [Béost]",42.993599,-0.4199,cm,25,50,None,"Gave d'Ossau / Laruns - Castet | Gave d'Ossau / Miégebat - Eaux-Chaudes | Gave d'Ossau / Soussouéou - Miégebat"
rz.1340,FR,"Arac @ Soulan",42.899101,1.2318,m³/s,7,15,None,"Arac / Biert - Kercabanac"
rz.1416,FR,"Arc @ Orelle",45.206799,6.5594,cm,50,None,100,"Arc / Orelle - Saint-Michel-de-Maurienne"
rz.1433,FR,"Arc @ Lanslebourg-Mont-Cenis",45.285801,6.8883,cm,55,None,None,"Arc / Lanslebourg - Termignon | Arc / Amont Lanslebourg - Aval Lanslebourg | Arc / Amont Lanslevillard - Aval Lanslevillard"
rz.1434,FR,"Arc @ Bramans [DREAL]",45.2239,6.7638,cm,120,135,200,"Arc / Termignon - Bramans"
rz.1445,FR,"Durance @ Argentière-la-Bessée",44.776501,6.5592,m³/s,None,None,None,"Gyronde / Les Vigneaux - L'Argentière | Gyronde / Rapide des Vigneaux"
rz.1452,FR,"Arc @ Bessans [DREAL]",45.321201,6.9922,cm,60,None,None,"Arc / Bonneval - Bessans"
rz.1453,FR,"Doron de Termignon @ Termignon",45.289501,6.8109,cm,100,120,135,"Doron de Termignon / "
rz.1457,FR,"Liamone @ Arbori [Pont de Truggia]",42.116402,8.8186,cm,90,None,None,"Cruzzini / Gorge (Commune de Lopigna - Pont de Truja) | Liamone / Haut (Pont de Guagno les Bains - Pont de Belfiori) | Liamone / Moyen (Pont de Belfiori - Pont de Truja)"
rz.1458,FR,"Taravo @ Zigliara",41.810299,8.9594,cm,110,140,180,"Taravo / Ponte Novu - Pont de Traghjettu Ghjuvanni D26 | Taravo / Pont de Traghjettu Ghjuvanni - sous le Pont d'Abra (T40/N196) | Taravo / Sous le Pont d'Abra (T40/N196) - Pont de Cassone | Taravo / Gorge Rouge (Guitera - Ponte Novu) | Taravo / Haut (Ponte di U Pinu - Guitera)"
rz.1460,FR,"Prunelli @ Cauro [Pont de l'Auberge]",41.912498,8.8358,cm,75,90,None,"Prunelli / Bas (Pont D103 vers Eccica - Pont D203 vers Palmente)"
rz.1463,FR,"Golo @ Albertacce",42.319599,8.9761,cm,None,None,None,"Golo / Très haut (Maison forestière de Poppaghia - Passerelle) | Golo / Haut (Passerelle - Ponte Altu) | Golo / Section du lac (Ponte Altu - Ponte de Mazzola) | Calasima / Pont proche de la D318 en amont de Calasima - Ponte Altu"
rz.1465,FR,"Orbu @ Ghisoni [Sampolo] - Sampolo",42.103199,9.2604,cm,40,60,80,"Fium Orbo / Défilé de Strette (Parc accrobranche - Pont de Sampolo) | Fium Orbo / Haut (Cavo - Parc accrobranche)"
rz.1466,FR,"Solenzara @ Sari-Solenzara [Canniciu] - Canniciu",41.8638,9.3704,cm,90,120,None,"Solenzara / Parking de la D268 - Solenzara"
rz.1467,FR,"Doubs @ Mouthe",46.704899,6.209,m³/s,2,4,6,"Doubs / Gorges du Fourperet (Barrage - Usine Électrique)"
rz.1468,FR,"Serène de Sanvensa @ Saint-André-de-Najac [Canabral]",44.209,2.0436,m³/s,3,5.5,None,"Serène / St André de Najac pont de la D239 - Laguépie"
rz.1469,FR,"Durance @ Val-des-Prés",44.9245,6.6794,m³/s,None,None,None,"Clarée / Névache - Pamplinet | Clarée / Pamplinet - La Vachette | Durance / Malafosse (La Vachette - Le Fontenil) | Durance / Gorges du Pont d'Asfeld (Le Fontenil - Briançon)"
rz.1473,FR,"Altier @ Altier",44.459999,3.8897,m³/s,7,16,None,"Altier / Pont des Rochettes Basses - Lac de Villefort"
rz.1521,FR,"Durance @ Embrun [La Clapière]",44.555401,6.498,m³/s,120,135,150,"Durance / Gorge de Prelles (Prelles - L'Argentière) | Durance / Slalom L'Argentière la Bessée | Durance / Slalom St.Clément | Durance / L'Argentière - La Roche de Rame | Durance / Rabioux, Welle | Durance / Saint Clément - Le Rabioux | Onde / Les Aigues - Pont des Places | Onde / Pont des places - Vallouise | Guil / Vallée des Masques (Guillestre - Saint Clément) | Biaysse / Pont des Oules - Freissinière | Durance / La Roche de Rame - Saint Crépin | Durance / Saint Crépin - Saint Clément | Durance / Vague et Rapide du Rabioux (Chateauroux) | Durance / Le Rabioux - Embrun"
rz.1524,FR,"Giffre @ Samoëns [DREAL]",46.076199,6.7187,cm,38,55,75,"Giffre / Sixt - Samoëns"
rz.1526,FR,"Guisane @ Monêtier-les-Bains [Le Casset] - Pisciculture",44.9837,6.4865,m³/s,3,9,None,"Guisane / Le Casset - Chantemerle | Guisane / Chantemerle - Briançon"
rz.1538,FR,"Var @ Entrevaux [Pont-levis]",43.949402,6.8101,m³/s,None,None,None,"Var / Pont St.Roch - Entraunes | Var / Entraunes - St.Martin-d'Entraunes | Var / St.Martin-d'Entraunes - Guillaumes | Var / Daluis - Camping Entrevaux"
rz.1557,FR,"Eyrieux @ Saint-Martin-de-Valamas - La Condamine",44.937801,4.393,m³/s,18,28,None,"Eysse / Pont de la D337 - Saint Martin de Valamas | Eyrieux / Intres - Saint Martin de Valamas | Rimande / Rimande - confluence Eyrieux | Eyrieux / Saint-Martin-de-Valamas – Le Cheylard | Escourtay / Pont de la D215 – Eysse"
rz.1562,FR,"Gazeille @ Chadron [Colempce Bas]",44.952702,3.9361,m³/s,4,7,None,"Gazeille / Le Monastier sur Gazeille - Colempce"
rz.1568,FR,"Vis @ Rogues [Madières]",43.853901,3.5637,cm,None,None,None,"Vis / Navacelles - Parking du Grenouillet"
rz.1569,FR,"Ill @ Illhaeusern",48.1847,7.4326,m³/s,None,None,None,"Ill / Slalom Sélestat"
rz.1576,FR,"Issole @ Saint-André-les-Alpes [Mourefrey]",43.994701,6.5026,m³/s,None,None,None,"Issole / Pont de la D219 vers Lambruisse - St.André les Alpes"
rz.1577,FR,"Verdon @ la Mure-Argens [camping] - EDF",44.006001,6.5592,m³/s,None,None,None,"Verdon / Haut | Verdon / Colmars - Beauvezer | Verdon / Beauvezer - Pont de la D52 vers Allons"
rz.1581,FR,"Cance @ Sarras",45.206001,4.7866,m³/s,None,20,None,"Cance / Gorges de la Cance"
rz.1634,FR,"Gagne @ St-Germain-Laprade [Les Pandraux]",45.012798,3.9804,m³/s,3.5,8,None,"Gagne / Les Pandraux - Peyrard"
rz.1638,FR,"Travo @ Solaro - Pont RD545",41.9147,9.3832,m³/s,None,7.5,None,"Travo / Haut (Pont de Chisa - Pont de Ghjineparu) | Travo / Bas (Pont de Ghjineparu - Mer)"
rz.1639,FR,"Romanche @ Notre-Dame-de-Mésage",45.077099,5.765,m³/s,None,None,None,"Romanche / Gavet - Séchilienne | Romanche / Séchilienne - La Rochette | Romanche / Péage de Vizille - Jarrie"
rz.1640,FR,"Romanche @ Mizoën [EDF - Chambon amont]",45.038601,6.183,m³/s,None,None,None,"Romanche / La Grave - Tunnel du Grand Clot | Romanche / Micro centrale du Grand Clot - Limite départementale | Romanche / Limite départementale - Lac du Chambon"
rz.1643,FR,"Guil @ Château-Ville-Vieille [Pont de la Chapelue - EDF]",44.719501,6.7616,cm,35,70,None,"Guil / Aiguilles - Château Queyras | Guil / Combes de Château Queyras et de l'Ange gardien (Château Queyras - La Triple Chute) | Guil / La Triple Chute (La Chapelue) - La Grille | Guil / La Grille - Lac de la Maison du Roy | Guil / Combe Chauve (Barrage Maison du Roy - Guillestre)"
rz.1644,FR,"Durance @ Briançon [aval - EDF]",44.886501,6.6249,m³/s,None,None,None,"Durance / Briançon - Prelles (Pont du Villaret)"
rz.1647,FR,"Ubaye @ Barcelonnette",44.3843,6.6517,m³/s,None,None,None,"Ubaye / Jausiers - Les Thuiles"
rz.1673,FR,"Allier @ Alleyras [Pont D33]",44.9193,3.6719,m³/s,7,20,None,"Allier / Chapeauroux - Pont d'Alleyras | Allier / Pont d'Alleyras - Monistrol ( Le Viel Allier)"
rz.1685,FR,"Loire @ Usclades-et-Rieutord - EDF",44.7668,4.1557,cm,70,85,100,"Loire / Rieutord - La Palisse"
rz.1687,FR,"Hérault @ Ganges",43.932098,3.7022,cm,None,None,None,"Hérault / Le Mercou - Confluence avec la Vis"
rz.1690,FR,"Agout @ Brassac",43.629799,2.4972,cm,None,None,None,"Agout / Barrage de Pontviel - Brassac"
rz.1691,FR,"Cèze @ Sénéchas",44.319199,4.0486,m³/s,None,16,None,"Cèze / Passerelle d'Aujac (D134) - Lac de Sénéchas"
rz.1692,FR,"Tacon @ St-Claude",46.378201,5.8732,m³/s,None,None,None,"Tacon / Le Martinet - St-Claude"
rz.1693,FR,"Orb @ Cessenon-sur-Orb [Base canoé de Réals]",43.437401,3.0878,m³/s,5,25,None,"Orb / Bassin de Réals"
rz.1697,FR,"Méouge @ Châteauneuf-de-Chabre [Pommet - EDF]",44.276402,5.796,cm,None,None,None,"Méouge / Séderon - Lachau | Méouge / Lachau - Barret sur Méouge | Méouge / Barret sur Méouge - Le Plan"
rz.1699,FR,"Borne @ Saint-Laurent-les-Bains [EDF - Pont de Nicoulaud]",44.574001,3.9488,m³/s,None,None,None,"La Borne / Pont de Borne - Pont de Saint Laurent les Bains | La Borne / Pont de Saint Laurent les Bains - Pont de Nicoulaud"
rz.1700,FR,"Gardon d'Alès @ Ste-Cécile",44.242298,3.981,m³/s,None,None,None,"Gardon d'Alès / Pont N106 - Pont de la Croze | Gardon / Pont de la Vignette - Pont N106 | Gardon d'Alès / Pont de la Croze - Collet-de-Dèze"
rz.1701,FR,"Gardon de Saint-Jean @ Saumane",44.1199,3.7618,m³/s,None,12,None,"Gardon de Saint-Jean / Passerelle submersible de Tourgeuillette - Saumane"
rz.1702,FR,"Lergue @ Lodève",43.7285,3.324,cm,None,80,None,"Brèze / Gourgas - Soubès"
rz.1704,FR,"Loire @ Cros-de-Géorand [Barrage de la Palisse]",44.7859,4.09,cm,0.18,0.22,None,"Loire / La Palisse - Pont de la Borie"
rz.1732,FR,"Mars @ Falgoux",45.153198,2.6228,m³/s,None,None,None,"Mars / Le Vaulmier (usine hydroélectrique) - Saint Vincent de Salers (camping)"
synthetic.15,FR,"Doubs @ En aval de Barrage du Refrain [estimé]",47.173698,6.8463,m³/s,10,25,80,"Doubs / Refrain (Barrage - Usine Électrique)"
synthetic.23,FR,"La Truyère @ Malzieu [estimé]",44.854301,3.3268,m³/s,20,None,None,"Truyère / Le Malzieu-Ville - Saint-Léger-du-Malzieu | Truyère / Saint-Léger-du-Malzieu - Pont de la Garde | Truyère / Pont de la Garde - Aire de Laval"
synthetic.6,FR,"L'Ardèche @ Débit de la Fontaulière [estimé]",44.669102,4.2888,m³/s,15,20,30,"Fontaulière / Pont de Veyrières - Pont de Labeaume"
visual.13,FR,"Codi @ Echelle",41.7439,9.1149,cm,45,60,None,"Codi / Pont de Passava sous Quenza - Barrage du Rizzanese"
visual.44,FR,"La Souloise @ Ech., passerelle de l'Infernet",44.766998,5.9013,cm,100,130,160,"Souloise / Les Gillardes - Retenue du Sautet"
rz.1174,GB,"Avon (Forth Valley) @ Polmonthill",55.998402,-3.682,cm,50,120,200,"Avon / Lothian"
rz.1175,GB,"Avon (Spey) @ Delnashaugh",57.3997,-3.3578,cm,70,85,120,"Avon / Spey"
rz.1176,GB,"Blackwater @ Garve",57.616699,-4.688,cm,10,60,110,"Blackwater / Garve | Blackwater / Garve Upper"
rz.1177,GB,"Clyde @ Tulliford Mill",55.6437,-3.759,cm,70,85,130,"Falls of Clyde / "
rz.1178,GB,"Dee (Grampian) @ Garthdee",57.118801,-2.1244,cm,0,100,200,"Dee / Grampian Garthdee"
rz.1179,GB,"Dee (Grampian) @ Mar Lodge",56.987999,-3.4862,cm,65,80,120,"Dee / Grampian Top"
rz.1180,GB,"Deveron @ Huntly GS",57.455002,-2.8076,cm,30,70,100,"Deveron / "
rz.1181,GB,"Ettrick Water @ Brockhoperig",55.4063,-3.2111,cm,70,90,130,"Ettrick / Upper"
rz.1182,GB,"Feugh @ Heugh Head",57.0252,-2.5172,cm,180,250,290,"Dye / "
rz.1183,GB,"Findhorn @ Logie Bridge",57.494499,-3.7366,cm,35,50,100,"Findhorn / Middle New Gauge | Findhorn / Gorge New Gauge"
rz.1184,GB,"Gairn @ Invergairn",57.059898,-3.0695,cm,60,80,120,"Gairn / "
rz.1185,GB,"Garry (Tayside) @ Killiecrankie",56.750301,-3.7991,cm,30,110,160,"Garry / Perthshire"
rz.1186,GB,"Kinnel Water @ Redhall",55.1674,-3.4502,cm,90,130,170,"Kinnel Water / "
rz.1187,GB,"Ling @ Killilan",57.318802,-5.4248,cm,47,70,110,"Ling / "
rz.1188,GB,"Lugar Water @ Langholm A",55.466801,-4.3621,cm,70,90,160,"Lugar Water / "
rz.1189,GB,"Moriston @ Levishie",57.220001,-4.6478,cm,40,80,100,"Moriston / "
rz.1190,GB,"North Esk (Lothian) @ Dalmore",55.8419,-3.1959,cm,9,30,50,"North Esk / Lothian"
rz.1191,GB,"Scar Water @ Capenoch",55.227402,-3.817,cm,80,110,180,"Scaur Water / "
rz.1192,GB,"Tummel @ Pitlochry",56.696602,-3.7208,cm,20,51,180,"Tummel / Bottom"
rz.1193,GB,"Urr Water @ Dalbeattie",54.929901,-3.841,cm,80,130,180,"Urr Water / "
rz.1194,GB,"Water of Fleet @ Rusko",54.9058,-4.1976,cm,80,110,200,"Big Water of Fleet / "
rz.1195,GB,"Water of Leith @ Murrayfield",55.945599,-3.2378,cm,45,100,150,"Water of Leith / Lower"
rz.1196,GB,"West Water @ Dalhousie Bridge",56.8022,-2.6705,cm,60,100,120,"West Water / "
rz.1223,GB,"Divie @ Dunphail",57.511501,-3.6618,cm,20,40,80,"Divie / "
rz.1262,GB,"Annan @ Brydekirk",55.021702,-3.2677,cm,None,100,170,"Annan / "
rz.1263,GB,"Don @ Alford",57.242298,-2.7171,cm,40,70,120,"Don / Middle"
rz.1264,GB,"Glazert Water @ Lennox Castle",55.980301,-4.221,cm,50,65,85,"Kirk Burn / "
rz.1265,GB,"Liddel Water @ Newcastleton",55.176498,-2.8132,cm,50,120,140,"Liddel Water / "
rz.1266,GB,"Nethan @ Kirkmuirhill",55.6651,-3.8937,cm,None,None,None,"Nethan / "
rz.1267,GB,"Water of Leith @ Colinton",55.9058,-3.2621,cm,40,55,75,"Water of Leith / Upper"
rz.1268,GB,"Dee (Grampian) @ Park",57.075401,-2.3358,cm,None,None,None,"Dee / Grampian Drumoak"
rz.1284,GB,"Glass @ Fasnakyle",57.3181,-4.7993,cm,40,50,80,"Abhainn Deabhag / "
rz.1285,GB,"Almond (Tayside) @ Newton Bridge",56.461201,-3.7992,cm,38,70,150,"Almond / Perthshire"
rz.1288,GB,"Dee (Grampian) @ Woodend",57.050098,-2.6036,cm,40,90,160,"Dee / Grampian Middle"
rz.1289,GB,"Earn @ Dalginross",56.375099,-3.9786,cm,None,None,None,"Earn / "
rz.1290,GB,"Evan Water @ Beattock",55.311699,-3.4567,cm,None,80,110,"Evan Water / "
rz.1360,GB,"White Cart Water @ Overlee",55.789902,-4.2669,cm,47,70,90,"White Cart Water / Linn Park Fall"
rz.1448,GB,"Water of Mark @ Invermark",56.911201,-2.9148,cm,60,90,140,"North Esk / Upper Invermark Gauge"
rz.1449,GB,"Linne nam Beathach @ Victoria Bridge",56.539799,-4.8136,cm,30,52,75,"Etive / Middle"
rz.1450,GB,"Garry (Tayside) @ Dalnamein",56.799301,-4.0535,cm,None,None,None,"Garry / Perthshire Calvine"
rz.1451,GB,"Gala Water @ Galashiels",55.627102,-2.8277,cm,None,None,None,"Gala Water / "
rz.1672,GB,"Lyon @ Moar",56.5728,-4.389,cm,40,None,100,"Lyon / Upper"
rz.887,GB,"Nevis @ Claggan",56.821499,-5.0888,cm,50,85,130,"Nevis / Upper"
rz.888,GB,"Doon @ Auchendrane",55.41,-4.6271,cm,70,100,150,"Doon / Lower"
rz.889,GB,"Gryfe @ Craigend",55.864498,-4.5348,cm,30,50,80,"Gryfe / "
rz.890,GB,"Kelvin @ Dryfield",55.9389,-4.1822,cm,50,80,140,"Kelvin / "
rz.891,GB,"Avon Water @ Fairholm",55.744202,-3.9868,cm,50,80,150,"Avon / Glasgow"
rz.892,GB,"Orchy @ Glen Orchy",56.446602,-4.8527,cm,50,80,150,"Orchy / Middle"
rz.893,GB,"Falloch @ Glenfalloch",56.3377,-4.7176,cm,80,100,130,"Falloch / Lower | Falloch / Upper"
rz.894,GB,"Clyde @ Hazelbank",55.687401,-3.8542,cm,31,80,200,"Clyde / Stonebyres"
rz.895,GB,"Lochy (Argyll) @ Inverlochy",56.404999,-4.9237,cm,50,100,150,"Lochy / nr Orchy"
rz.896,GB,"Luss Water @ Luss",56.1003,-4.6441,cm,40,90,110,"Luss Water / "
rz.897,GB,"Ayr @ Mainholm",55.460999,-4.5925,cm,40,130,200,"Ayr / "
rz.898,GB,"Water of Girvan @ Robstone",55.258801,-4.8077,cm,60,120,180,"Girvan / "
rz.899,GB,"Esk (Solway) @ Canonbie",55.066299,-2.9462,cm,60,110,170,"Border Esk / "
rz.900,GB,"Nith @ Drumlanrig",55.274601,-3.7995,cm,40,90,150,"Nith / Drumlanrig"
rz.901,GB,"Water of Minnoch @ Minnoch Bridge",55.038898,-4.5635,cm,70,150,200,"Water of Minnoch / Lower | Water of Minnoch / Middle"
rz.902,GB,"Almond (Lothian) @ Almondell",55.901798,-3.463,cm,50,80,120,"Almond / Lothian"
rz.903,GB,"Teith @ Bridge of Teith",56.185699,-4.0556,cm,50,80,200,"Teith / "
rz.904,GB,"Leny @ Anie",56.2579,-4.2854,cm,50,100,160,"Garbh Uisge / Leny"
rz.905,GB,"Allan Water @ Kinbuck",56.225601,-3.9495,cm,70,110,150,"Allan Water / "
rz.906,GB,"South Esk (Angus) @ Gella Bridge",56.775398,-3.0279,cm,70,100,160,"South Esk / Angus"
rz.908,GB,"Dochart @ Killin",56.458199,-4.3319,cm,40,60,100,"Dochart /  | Lochay / "
rz.909,GB,"Tay @ Pitnacree",56.660099,-3.7569,cm,None,100,200,"Tay / Grandtully"
rz.910,GB,"Tay @ Ballathie",56.5144,-3.387,cm,None,100,270,"Tay / Stanley"
rz.911,GB,"Lyon @ Comrie Bridge",56.614201,-3.9809,cm,20,60,140,"Lyon / "
rz.912,GB,"Ericht @ Craighall (Perth)",56.6091,-3.3472,cm,75,90,140,"Blackwater / Perthshire | Ericht / Blairgowrie"
rz.913,GB,"Tilt @ Marble Lodge",56.822399,-3.8165,cm,35,60,120,"Tilt / Marble Lodge"
rz.914,GB,"Ruchill Water @ Cultybraggan",56.359699,-4.0014,cm,90,140,200,"Water of Ruchill / "
rz.915,GB,"Tweed @ Peebles",55.647999,-3.1802,cm,0,40,161,"Tweed / Fairnilee"
rz.916,GB,"Yarrow Water @ Philiphaugh",55.5397,-2.8903,cm,35,80,100,"Yarrow / "
rz.917,GB,"Ettrick Water @ Lindean",55.574699,-2.8175,cm,70,85,150,"Ettrick / Gorge"
rz.918,GB,"Teviot @ Hawick",55.434399,-2.7565,cm,40,100,180,"Teviot / "
rz.919,GB,"Whiteadder Water @ Abbey St Bathans",55.853401,-2.387,cm,30,70,120,"Whiteadder Water / "
rz.920,GB,"Alness @ Alness",57.695999,-4.2588,cm,None,90,160,"Averon of Alness / "
rz.921,GB,"Naver @ Apigill",58.480099,-4.2077,cm,40,60,80,"Naver / "
rz.922,GB,"Tarff @ Ardachy Bridge",57.129501,-4.6782,cm,80,110,140,"Tarff / "
rz.923,GB,"Spey @ Boat o Brig",57.550999,-3.1404,cm,0,80,200,"Spey / "
rz.924,GB,"Brora @ Bruachrobie",58.010601,-3.8776,cm,80,110,180,"Brora / "
rz.925,GB,"Lochy (Lochaber) @ Camisky",56.878502,-5.0465,cm,0,90,240,"Lochy / Fort William | Spean / Gorge"
rz.926,GB,"Garry (Ness) @ Craigard",57.065601,-4.8221,cm,40,80,140,"Garry / Great Glen"
rz.927,GB,"Oykel @ Easter Turnaig",57.9618,-4.7009,cm,70,100,140,"Corriemulzie /  | Einig /  | Oykel / "
rz.928,GB,"Feshie @ Feshie Bridge",57.1189,-3.9011,cm,65,100,170,"Feshie / "
rz.929,GB,"Meig @ Glenmeanie",57.5326,-4.8638,cm,55,70,130,"Upper Meig / "
rz.930,GB,"Thurso @ Halkirk",58.515499,-3.493,cm,40,80,200,"Thurso / "
rz.931,GB,"Muick @ Invermuick",57.039501,-3.0493,cm,40,70,120,"Muick / "
rz.932,GB,"Helmsdale @ Kilphedir",58.141399,-3.7028,cm,90,120,200,"Helmsdale / "
rz.933,GB,"Inver @ Little Assynt",58.1744,-5.1523,cm,50,75,100,"Inver / "
rz.934,GB,"Ness @ Ness-side",57.454498,-4.2598,cm,0,130,200,"Ness / "
rz.935,GB,"Carron (Wester Ross) @ New Kelso",57.429501,-5.43,cm,120,135,150,"Carron / Wester Ross"
rz.936,GB,"Don @ Parkhill",57.2183,-2.1876,cm,0,100,200,"Don / Lower"
rz.937,GB,"Dee (Grampian) @ Polhollick",57.055099,-3.0832,cm,45,70,100,"Dee / Grampian Upper"
rz.938,GB,"Carron (Sutherland) @ Sgodachail",57.893299,-4.547,cm,80,100,180,"Carron / Easter Ross | Carron / Easter Ross Top"
rz.939,GB,"Findhorn @ Shenachie",57.377399,-3.955,cm,0,30,50,"Findhorn / Gorge | Findhorn / Middle | Findhorn / Top | Findhorn / Upper"
rz.940,GB,"Snizort @ Skeabost",57.454399,-6.3112,cm,30,90,110,"Snizort / "
rz.941,GB,"Loch A Bhraoin @ Loch A Bhraoin",57.728298,-5.0983,cm,110,130,180,"Cuileig / Upper"
rz.942,GB,"North Esk (Tayside) @ Inveriscandye",56.7999,-2.6266,cm,14,30,70,"North Esk / Lower"
rz.943,GB,"Cree @ Wheeb Bridge",55.09,-4.6618,cm,60,100,130,"Cree / "
rz.944,GB,"Tweed @ Boleside",55.5914,-2.7977,cm,0,70,150,"Tweed / Makerstoun"
rz.945,GB,"Tay @ Kenmore",56.596401,-3.9851,cm,30,70,150,"Tay / Kenmore"
rz.946,GB,"Braan @ Hermitage",56.561001,-3.6072,cm,50,70,115,"Braan / Gorge | Braan / Upper"
rz.1712,GR,"Alfeios @ Erymanthos_1",37.6297,21.7934,cm,None,None,None,"Erymanthos / Lower (Bidiaki - Brdige Elea)"
rz.1713,GR,"Aoos @ Pal",40.0233,20.889099,m³/s,None,None,None,"Aoos / Upper (Vovousa - Palioseli) | Aoos / Middle (Palioseli - Konitsa)"
rz.1715,GR,"Arachthos @ Gef_Tzari",39.368999,21.0555,cm,None,None,None,"Arachtos / Lower (Plaka - Bridge Tzaris/Skoupa)"
rz.1717,GR,"Voidomatis @ Kleidonia",39.973099,20.6588,cm,None,None,None,"Voidomatis / Upper (Vikos - Aristi metal bridge) | Voidomatis / Lower (Aristi metal bridge - Military Klidona)"
rz.1718,GR,"Lousios @ Atsixolou",37.511398,22.038401,m³/s,None,None,None,"Lousios / Upper (Ancient Gotris - Bridge Atsicholos/Karytaina/) | Lousios / Lower (Bridge Atsicholos - Bridge Koukos)"
rz.1719,GR,"Acheloos @ Mesochora_2",39.3843,21.2728,cm,None,None,None,"Kamneitikos (Lakmos/Acheloos) / Steel bridge above the dam south of Pira - Lefeika | Acheloos / Lower (Below the dam - 2nd bridge after power station)"
rz.1720,GR,"Arachthos river @ Gef_Politsas",39.511902,21.006701,cm,None,None,None,"Arachtos / Upper 2 (Bridge between Driskos & Krapsi - Ambelochori Bridge/Politsa) | Arachtos / Middle (Ambelochori Bridge/Politsa - Plaka) | Kallaritikos / Upper (Bridge of Christ - Bridge Gkogkou) | Kallaritikos / Lower (Bridge Gkogkou - Ambelochori Bridge/Politsa)"
rz.100,IT,"Brembo di Mezzoldo @ Piazza Brembana",45.946701,9.6672,cm,50,None,None,"Brembo di Mezzoldo /  | Fondra /  | Valmora / Averara - Olmo al Brembo | Stabina / Valtorta - Sbarramente di Cassiglio | Stabina / Sbarramento di Cassiglio - Olmo"
rz.101,IT,"Chiese @ Gavardo",45.5924,10.4411,cm,90,None,None,"Chiese / Vestone - Sabbio Chiese | Chiese / Campo Slalom Vobarno"
rz.102,IT,"Mella @ Bovegno",45.781399,10.2632,cm,-75,-55,None,"Mella / "
rz.105,IT,"Oglio @ Capriolo",45.6478,9.9161,cm,-160,None,None,"Oglio / Calepio - Cividino"
rz.106,IT,"Serio @ Grabiasca Gandellino",46.007702,9.9478,cm,None,None,None,"Serio / Gandellino - Ardesio"
rz.107,IT,"Serio @ Ponte Cene",45.784599,9.8219,cm,None,None,None,"Serio / Ponte Nossa - Gazzaniga"
rz.108,IT,"Biscubio @ Apecchio",43.561901,12.4303,cm,85,None,None,"Candigliano / Piobbico - SS257 km 41.7"
rz.109,IT,"Bosso @ Cagli Civita",43.5467,12.6436,cm,25,None,None,"Bosso / Pianello - Cagli"
rz.11,IT,"Grand'Eyvia @ Cogne - Crétaz",45.614799,7.3406,m³/s,5,9,18,"Grand'Eyvia / Cretaz - Centralina | Grand'Eyvia / Cascata - Ponte"
rz.1102,IT,"Dora di La Thuile @ Pré-Saint-Didier - Capoluogo",45.762901,6.9908,cm,None,None,None,"Rutor / Promise - La Thuile"
rz.1107,IT,"Fella @ Dogna",46.442501,13.3126,cm,-120,-55,None,"Fella / Pontebba - Dogna | Fella / Dogna - Ponte Peraria"
rz.1109,IT,"Scrivia @ Montoggio",44.515598,9.0477,cm,100,120,None,"Scrivia / Ronco - Prarolo"
rz.111,IT,"Candigliano @ Acqualagna",43.628101,12.6844,cm,30,50,None,"Candigliano / SS257 km 41.7 - Abbadia di Naro"
rz.1111,IT,"Sturla @ Vignolo",44.3815,9.3739,cm,150,None,None,"Cicana / Mezzavalle - Confluenza Sturla | Sturla / Ponte per Tigliolo - Borzonasca | Sturla / Borzonasca - Prati"
rz.1112,IT,"Graveglia @ Caminata",44.340099,9.41,cm,65,75,None,"Graveglia / Orrido di Pian di Fieno - Frisolino | Reppia / "
rz.1114,IT,"Chiarsò @ Ponte Lovea",46.473202,13.0748,cm,None,None,None,"Chiarsò / Paularo-Ponte per Lovea"
rz.113,IT,"Esino @ Gola della Rossa",43.430801,13.0111,cm,None,None,None,"Esino / Genga Stazione - Gole della Rossa"
rz.115,IT,"Metauro @ S. Angelo in Vado Via Canale",43.6656,12.4117,cm,None,None,None,"Auro / Parchiule - Borgo Pace | Meta / Sompiano - Borgo Pace"
rz.1156,IT,"Entella @ S.Martino",44.359501,9.3439,cm,None,None,None,"Isolona / Pianmegorino - Isolona | Lavagna / Alto (Ferriere - Pezzonasca) | Lavagna / Medio (Pezzonasca - Cicagna) | Malvaro / "
rz.116,IT,"Sentino @ San Vittore",43.4025,12.9714,cm,100,125,None,"Sentino / Pianello - Genga Stazione"
rz.117,IT,"Tronto @ Ponte d'Arli",42.7981,13.4611,cm,None,None,None,"Tronto / Favalanciata - Quintodecimo | Tronto / Quintodecimo - Acquasanta Terme"
rz.118,IT,"Agogna @ Momo",45.571098,8.5477,cm,None,None,None,"Agogna / Gignese - Bolzano Novarese"
rz.119,IT,"Anza @ San Carlo",45.985901,8.1321,cm,None,None,None,"Anza / Ceppo Morelli - Calasca"
rz.120,IT,"Cervo @ Passobreve",45.630501,8.0381,cm,None,None,None,"Cervo / Rosazza - Albergo Asmara | Cervo / Gole (Quittengo - Miagliano) | Oropa / Pralungo - Confluenza Cervo"
rz.121,IT,"Chisone @ San Martino",44.885399,7.283,cm,-20,None,None,"Chisone / Porte - Porte | Chisone / Chilometro didattico (Porte - San Martino)"
rz.124,IT,"Dora Baltea @ Tavagnasco",45.5481,7.8268,cm,None,None,None,"Dora Baltea / Campo Slalom Ivrea"
rz.1242,IT,"Buthier @ Roisan - Moulin",45.786499,7.3061,cm,40,55,None,"Buthier / Classico"
rz.125,IT,"Ellero @ Rastello",44.264702,7.7311,cm,60,None,None,"Ellero / Ellero Rastello - Borgata Norea"
rz.126,IT,"Erro @ Cartosio",44.573399,8.4211,cm,0,None,None,"Erro / Area picnic - Cartosio"
rz.1261,IT,"Fella @ Moggio Udinese",46.3997,13.1862,cm,67,None,None,"Fella / Ponte Peraria - Moggio Udinese"
rz.127,IT,"Germanasca @ Perrero",44.946602,7.1627,cm,0,10,None,"Germanasca / Campolasalza - Plancia | Germanasca / Plancia - Perrero | Germanasca / Perrero - Pomaretto | Germanasca di Prali / Pomeifré - Perrero"
rz.1278,IT,"Isarco/Eisack @ Vipiteno/Sterzing",46.893002,11.4428,m³/s,None,None,None,"Isarco/Eisack / Colle Isarco/Gossensass - Campo Trens/Freienfeld"
rz.128,IT,"Gesso di Valletta @ Andonno",44.290901,7.4342,cm,95,105,115,"Gesso di Valletta / Terme Di Valdieri - Ponte Marcantour | Gesso di Valletta / S.Anna - Lago artificiale"
rz.1297,IT,"Lima @ Casabasciana",44.025299,10.6411,cm,45,85,None,"Lima / Bassa (Ponte militare di Cevoli - Ponte delle Catene)"
rz.130,IT,"Malone @ Front",45.283401,7.6657,cm,90,None,None,"Malone / Ponte dell'Avvocato - Rocca Canavese"
rz.131,IT,"Mastallone @ Varallo",45.830502,8.2557,cm,None,None,None,"Mastallone / Fobello - Grassura | Mastallone / Grassura - Bocciolaro | Mastallone / Bocciolaro - Varallo"
rz.132,IT,"Orco @ Spineto",45.386799,7.6741,cm,None,None,None,"Orco / Strada Navioni - Casetti"
rz.133,IT,"Ovesca @ Villadossola",46.067699,8.2574,cm,None,None,None,"Ovesca / Centrale Prabernardo - Sbarramento"
rz.134,IT,"Pellice @ Luserna S.Giovanni",44.8111,7.2439,cm,30,None,None,"Pellice / Bobbio - Torre | Pellice / Torre - Bibiana"
rz.1357,IT,"Tanagro @ Auletta",40.551701,15.4281,cm,8,None,None,"Tanagro / Pertosa - Auletta"
rz.136,IT,"Pesio @ San Bartolomeo",44.271,7.663,cm,105,120,None,"Pesio / Sentiero nel Parco - Certosa Pesio | Pesio / Certosa Pesio - Vigna"
rz.137,IT,"San Bernardino @ Santino",45.9566,8.5254,cm,190,250,None,"San Bernardino / Ponte Casletto - Centrale di Rovegro | San Bernardino / Sbarramento sopra Rovegro - Centralina Cossogno"
rz.138,IT,"Sesia @ Borgosesia",45.736698,8.2605,cm,None,None,None,"Sesia / Varallo - Doccio"
rz.139,IT,"Sesia @ Campertogno",45.798599,8.0318,cm,50,75,100,"Sesia / Alagna - Balma | Sesia / Balma - Buzzo | Sesia / Alpin Sprint (Otra - Mollia) | Sesia / Mollia - Mollia | Sesia / Mollia - Piode | Sesia / Scopello - Scopetta | Sesia / Gole (Scopetta - Balmuccia) | Sesia / Balmuccia - Varallo | Sorba / Rassa - Ponte romano | Sorba / Ponte Romano - Confluenza Sesia | Gronda / 1.5km sopra Rassa - Rassa | Sermenza / Sermenzino (San Giuseppe - Rimasco Lago) | Sermenza / Fervento - Boccioleto | Sermenza / Boccioleto - Cerva | Sermenza / Gola di Balmuccia (Cerva - Balmuccia) | Egua / Ferrate - Molino | Egua / Molino - Lago | Artogna / Madonna delle Nevi - 1Km a monte Cascata del Tinaccio | Sesia / Buzzo - Otra | Sesia / Piode - Scopello"
rz.14,IT,"Adige/Etsch @ Ponte Adige/Sigmundskron",46.4832,11.3038,m³/s,None,None,None,"Adige/Etsch / Campo Slalom Merano / Slalom Meran"
rz.140,IT,"Sessera @ Pray",45.674,8.2216,cm,None,None,None,"Sessera / Diga delle Mischie - Ponte Romano | Sessera / Centrale di Piancone - Coggiola | Sessera / Coggiola - Bornate | Sessera / Ponte Romano - Centrale di Piancone"
rz.141,IT,"Soana @ Pont Canavese",45.4216,7.6016,cm,None,None,None,"Chiusella / Fondo ponte romano - Primo ponte stradale | Chiusella / Ponte stradale - Inverso | Chiusella / Rueglio - Vistrorio | Soana / Alpetta - Villanuova | Soana / Villanuova - 300 Scalini | Soana / 300 Scalini - Stroba | Soana / Stroba - Pont Canavese | Savenca / "
rz.142,IT,"Strona @ Gravellona",45.926899,8.4342,cm,39,55,100,"Strona / Middle (Piana di Fornero - Diga di Vallestrona) | Strona / Lower (Diga di Vallestrona - Omegna)"
rz.1423,IT,"Biois @ Vallada",46.3601,11.9558,cm,None,None,None,"Biois / Falcade - Cencenighe"
rz.1425,IT,"Cordevole @ Agordo",46.286999,12.021,cm,60,80,95,"Cordevole / Agordo - La Muda | Cordevole / Cencenighe - Taibon"
rz.1427,IT,"Padola @ Santo Stefano",46.559299,12.5477,cm,None,None,None,"Padola / Ponte per Danta di Cadore - Confluenza Piave"
rz.1431,IT,"Vara @ Brugnato",44.2313,9.7155,cm,50,65,200,"Vara / Cà di Vara - Brugnato"
rz.1438,IT,"Dora Baltea @ Pré-Saint-Didier - Gare",45.7635,6.99,cm,130,170,230,"Dora Baltea / Champex - Pré-Saint-Didier | Dora Baltea / Pré-Saint-Didier - Morgex | Dora Baltea / Morgex - Le Champs | Dora Baltea / Courmayeur - Ponte di legno | Dora Baltea / Ponte di legno - Champex"
rz.144,IT,"Stura di Demonte @ Vinadio",44.302502,7.1148,cm,None,None,None,"Stura di Demonte / Pietraporzio - Pianche"
rz.1443,IT,"Ticino @ Vigevano",45.3414,8.8797,cm,None,None,None,"Ticino / Spot Onda di Vigevano"
rz.145,IT,"Stura di Lanzo @ Lanzo Torinese",45.268299,7.4828,cm,10,30,None,"Stura di Lanzo / Dei Tufi (Villanova Canavese - Robassomero)"
rz.1459,IT,"Bévéra @ Sospel [Pont D 2204]",43.877701,7.4512,m³/s,5,None,None,"Bevera / Olivetta - Torri"
rz.146,IT,"Stura di Lanzo @ Mezzenile",45.298,7.3995,cm,35,55,None,"Stura di Lanzo / Ceres - Traves"
rz.147,IT,"Stura di Val Grande @ Cantoira",45.339401,7.3828,cm,-15,None,None,"Stura di Valgrande / Pialpetta - Chialamberto | Stura di Valgrande / Cantoira - Confluenza"
rz.148,IT,"Stura di Viù @ Germagnano Borgo",45.244499,7.4335,cm,80,100,None,"Stura di Viù / Mondrezza - Borgo | Stura di Viù / Borgo - Traves"
rz.149,IT,"Tanaro @ Garessio",44.202,8.0151,cm,60,None,None,"Tanaro / Nucetto - Ceva"
rz.15,IT,"Aurino/Ahr @ Cadipietra/Steinhaus",46.994598,11.9803,m³/s,6,12,None,"Aurino/Ahr / Schloss (Speikboden - Campo Tures) | Aurino/Ahr / Gisse - Speikboden | Aurino/Ahr / Bergwerkstrecke | Aurino/Ahr / Feldmüller"
rz.150,IT,"Tanaro @ Ponte Di Nava",44.117699,7.8676,cm,112,None,None,"Negrone / Sorgenti - Viozene | Negrone / Viozene - Confluenza Tanarello | Tanaro / Confluenza Negrone - Ponte Nava"
rz.152,IT,"Toce @ Pontemaglio",46.180801,8.3239,cm,30,60,100,"Toce / Crodo - Pontemaglio | Toce / Rivasco - Piedilago | Toce / Verampio - Crodo | Toce / Pontemaglio - Crevoladossola"
rz.153,IT,"Varaita @ Rossana",44.554298,7.4415,cm,None,None,None,"Varaita / Brossasco - Ponte per Rossana"
rz.1554,IT,"Dora Riparia @ Borgone Susa",45.112202,7.2684,cm,2,25,None,"Dora Riparia / Slalom Pianezza - Alpignano"
rz.1572,IT,"Tronto @ Poggio Casoli",42.689999,13.27,cm,None,None,None,"Tronto / Pescara del Tronto - Trisungo"
rz.1579,IT,"Basento @ Campomaggiore",40.544998,16.0756,cm,None,None,None,"Basento / Albano - Campomaggiore | Basento / Campomaggiore - Tricarico"
rz.1580,IT,"Basento @ S.Demetrio",40.647202,15.9308,cm,None,None,None,"Basento / Brindisi di Montagna - Albano"
rz.16,IT,"Aurino/Ahr @ S.Giorgio/St.Georgen",46.817001,11.9347,cm,120,None,None,"Aurino/Ahr / Spot Luttach"
rz.1607,IT,"Dora Baltea @ Villeneuve - Arbonne",45.702202,7.1984,m³/s,20,None,None,"Dora Baltea / Leverogne - Chavonne | Dora Baltea / Inferno Canyon (Runaz - Leverogne)"
rz.1608,IT,"Isarco/Eisack @ Bolzano Sud/Bozen Süd",46.458801,11.3028,m³/s,None,None,None,"Isarco/Eisack / Cardano/Kardaun - Bolzano Sud"
rz.1610,IT,"Isarco/Eisack @ Bolzano [stimato]",46.493,11.4002,m³/s,20,None,None,"Isarco/Eisack / Colma/Kollmann - Campodazzo/Atzwang | Isarco/Eisack / Campodazzo/Atzwang - Cardano/Kardaun"
rz.1612,IT,"Caorame @ Pont (Feltre)",46.037701,11.9687,cm,60,None,None,"Caorame / Salgarda - Busche"
rz.1613,IT,"Cordevole @ Saviner",46.4426,11.9869,cm,None,None,None,"Cordevole / Alto (Pian di Salisei - Sopracordevole)"
rz.1614,IT,"Adige/Etsch @ Tel/Töll",46.672001,11.0796,m³/s,None,None,None,"Adige/Etsch / Moby Dick"
rz.1621,IT,"Maira @ Dronero",44.464001,7.3334,cm,110,None,None,"Maira / Ponte Marmora - Ponte per Celle Macra | Maira / Ponte per Celle Macra - Lago"
rz.1632,IT,"Parma @ Ponte degli Alpini",44.481899,10.0731,cm,80,85,None,"Parma / Bosco - Corniglio"
rz.1633,IT,"Degano @ Comeglians (new)",46.516998,12.8649,cm,None,None,None,"Degano / Temerat - Comeglians"
rz.1642,IT,"Rabbi @ S. Zeno",44.021099,11.8803,cm,None,None,None,"Rabbi / Bivio per Fiumicello - Premilcuore"
rz.17,IT,"Gadera/Gader @ Mantana/Montal",46.7761,11.8797,m³/s,10,15,20,"Gadera/Gader / Gola Bassa / Untere Schlucht | Gadera/Gader / Alto (Longega/Zwischenwasser - Montana/Montal) | Gadera/Gader / Basso (Montana/Montal - Floronzo/Pflaurenz)"
rz.1711,IT,"Mis @ Gena (Sospirolo)",46.188099,12.0409,m³/s,None,None,None,"Mis / Medio / Canyon"
rz.172,IT,"Ambra @ Bucine",43.483501,11.6187,cm,120,None,None,"Ambra / Pogi - Molino di Mezzo"
rz.173,IT,"Arno @ Incisa valle",43.689899,11.4562,cm,150,220,None,"Arno / Sant'Ellero - Pontassieve"
rz.174,IT,"Arno @ Stia",43.800499,11.7057,cm,100,None,None,"Scheggia / Metanodotto - Pagliericcio | Solano / Confluenza Scheggia - Strada in Casentino | Arno / Altissimo (Molino di Bucchio - Stia)"
rz.175,IT,"Arno @ Subbiano",43.571701,11.8679,cm,115,145,None,"Arno / Alto Casentino (Ponte a Poppi - Rassina) | Arno / Basso Casentino (Rassina - Subbiano) | Arno / Arno a Giovi (La Lama - Castelluccio) | Solano / Cetica - Confluenza Scheggia"
rz.176,IT,"Aulella @ Soliera",44.2024,10.0624,cm,160,180,None,"Taverone / Bivio di Comano - Licciana Nardi"
rz.177,IT,"Bagnone @ Bagnone",44.317501,9.9834,cm,115,None,None,"Bagnone / Alto (Iera - Ponte su SP 22B) | Bagnone / Medio (Ponte su SP 22B - Bagnone)"
rz.179,IT,"Carza @ S.Piero a Sieve-Carza",43.959099,11.3223,cm,None,None,None,"Carza / Carza (impercorribile)"
rz.18,IT,"Isarco/Eisack @ Campo di Trens/Freienfeld",46.870701,11.4779,m³/s,10,25,50,"Isarco/Eisack / Fortezza/Franzensfeste - Lago/Stausee | Isarco/Eisack / Mezzaselva/Mittewald - Fortezza/Franzensfeste | Isarco/Eisack / Campo Trens/Freienfeld - Mezzaselva/Mittewald | Isarco/Eisack / Gola di Aica / Aicha Schlucht"
rz.180,IT,"Ciufenna @ Terranuova",43.556099,11.5981,cm,95,100,None,"Ciuffenna / Loro Ciuffenna - Podere Zolfino | San Clemente / San Clemente - Loro Ciuffenna"
rz.181,IT,"Elsa @ Poggibonsi",43.4715,11.1288,cm,65,100,None,"Elsa / Cascata del Diborrato - Ponte di Spugna"
rz.182,IT,"Farma @ Petriolo",43.0793,11.2997,cm,30,55,None,"Farma / Ponte SP73 - Bagni di Petriolo"
rz.183,IT,"Fiora @ Pitigliano",42.593498,11.5997,cm,85,None,None,"Fiora / Manciano - Ponte S.Pietro"
rz.184,IT,"Frigido @ Canevara",44.0583,10.1681,cm,-20,None,None,"Frigido / Forno - Canevara"
rz.186,IT,"Lima @ Ponte di Lucchio",44.043598,10.7198,cm,135,160,180,"Lima / Alta Superiore (Ponte Sospeso - Centrale di Lucchio) | Lima / Media (Ponte Nero - Ponte militare di Cevoli) | Lima / Alta Inferiore (Centrale di Lucchio - Ponte Maggio) | Lima / Strette di Cocciglia (Diga di Giardinetto - Ponte Nero)"
rz.187,IT,"Magra @ Piccatello",44.384102,9.8834,cm,100,None,None,"Civasola / 1° ponte verso Gravagna - Confluenza Magra | Magra / Altissimo (Groppodalosio - Molinello) | Magra / Alto (Molinello - Ospedale)"
rz.188,IT,"Magra @ S.Giustina",44.361698,9.8967,cm,180,None,None,"Caprio / Rocca Sigillina - Caprio | Gordana / Noce - Lago Artificiale | Mangiola / Centralina - Ponte di Mulazzo"
rz.189,IT,"Merse @ Montepescini",43.097198,11.3269,cm,-30,-10,None,"Merse / Bassa (Ponte di Macereto - Montepescini)"
rz.19,IT,"Passirio/Passer @ Merano/Meran",46.683998,11.1772,m³/s,18,35,None,"Passirio/Passer / Slalom Città / Städte | Passirio/Passer / Merano Città / Meran | Passirio/Passer / Gole / Passerschlucht | Passirio/Passer / Quellenhof - Rifiano/Riffianer Sportplatz | Passirio/Passer / Hinterpasseier (Gomion - San Leonardo) | Passirio/Passer / Gilfklamm | Passirio/Passer / San Leonardo/St.Leonhard - San Martino/St.Martin"
rz.190,IT,"Merse @ Montieri",43.121201,11.0579,cm,35,50,None,"Merse / Alta (S.Galgano - Brenna)"
rz.193,IT,"Orcia @ Monte Amiata Scalo",42.9758,11.5469,cm,60,110,None,"Orcia / Bagno Vignoni - Monte Amiata Scalo"
rz.195,IT,"Pavone @ S.Dalmazio",43.253502,10.9436,cm,85,100,None,"Pavone / Montecastelli - Berignone"
rz.196,IT,"Santerno @ Firenzuola",44.1521,11.4543,cm,65,90,None,"Santerno / Moraduccio - Castel del Rio | Diaterna / Peglio - Confluenza Santerno | Santerno / Gole (Scheggianico - Moraduccio) | Veccione / Badia Moscheta -  Confluenza Rovigo | Rovigo / Confluenza Veccione -  Confluenza Santerno"
rz.197,IT,"Serchio @ Calavorno",44.019798,10.5351,cm,None,None,None,"Serchio / Campia - Borgo a Mozzano | Turrite Cava / Fabbriche di Vallico - Bacino Enel"
rz.198,IT,"Serchio @ Ponte di Campia",44.090099,10.4528,cm,-50,-25,None,"Serchio / Castenuovo - Campia"
rz.199,IT,"Sieve @ Dicomano",43.886101,11.5254,cm,35,70,None,"Sieve / Valdisieve Monte (Dicomano - Rufina) | Comano / San Godenzo - Carbonile"
rz.2,IT,"Orta @ Musellaro (PE)",42.193802,13.9601,cm,None,None,None,"Orta / Caramanico Terme - Musellaro | Orta / Musellaro - Bolognano"
rz.20,IT,"Rienza/Rienz @ Vandoies/Vintl",46.815601,11.7082,m³/s,None,None,None,"Rienza/Rienz / Gole Basse / Untere Rienzschlucht | Rienza/Rienz / Gole Alte / Obere Rienzschlucht | Rienza/Rienz / Casteldarne/Ehreburg - Lago/Stausee"
rz.200,IT,"Sieve @ Fornacina2",43.801201,11.4676,cm,70,110,None,"Sieve / Valdisieve Valle (Rufina - Pontassieve)"
rz.201,IT,"Sieve @ S.Piero a Sieve-Sieve",43.965099,11.328,cm,90,105,None,"Sieve / Altissima (Bilancino - Borgo San Lorenzo) | Sieve / Borgo San Lorenzo - Dicomano"
rz.202,IT,"Taverone @ Licciana Nardi",44.242699,10.0034,cm,120,None,None,"Osca / Ponte Medievale - Tresana | Taverone di Tavernelle / Tavernelle - Bivio di Comano | Taverone / Comano - Crespiano"
rz.205,IT,"Avisio @ Lavis",46.1381,11.1186,cm,None,None,None,"Avisio / Basso (Pozzolago - Lavis)"
rz.206,IT,"Avisio @ Molina di Fiemme",46.271099,11.4231,cm,45,60,85,"Avisio / Panchià - Roncosogno | Avisio / Masi di Cavalese - Lago di Stramentizzo"
rz.207,IT,"Avisio @ Prà",46.189602,11.2509,cm,60,None,100,"Avisio / Gole (Frazione di Pradel - Faver)"
rz.208,IT,"Avisio @ Predazzo",46.310101,11.5959,cm,65,75,90,"Avisio / Alto (Moena - Predazzo)"
rz.209,IT,"Fersina @ Trento",46.043999,11.118,cm,15,30,45,"Fersina / Gola dell'Orco"
rz.21,IT,"Talvera/Talfer @ Bolzano/Bozen",46.5098,11.3502,m³/s,8,12,20,"Talvera/Talfer / Rotonda per Vanga - Galleria 17 | Talvera/Talfer / Bolzano Città / Stadtstrecke Bozen"
rz.211,IT,"Leno di Terragnolo @ Stedileri",45.867699,11.1719,cm,30,40,None,"Leno di Terragnolo / "
rz.213,IT,"Meledrio @ Dimaro",46.327801,10.881,cm,None,None,None,"Meledrio / "
rz.214,IT,"Noce @ Malé",46.347099,10.9138,cm,40,60,None,"Noce / Cusiano - Mezzana | Noce / Monclassico - Ponte Stori | Noce / Gole di Mostizzolo (Ponte Stori - Lago) | Noce / Campo Slalom Mezzana | Noce / Mezzana - Pizzeria Bucaneve | Noce / Pizzeria Bucaneve - Monclassico"
rz.215,IT,"Noce @ Mezzolombardo",46.193699,11.1034,cm,50,60,None,"Noce / Spot Mezzocorona"
rz.216,IT,"Rabbies @ San Bernardo di Rabbi",46.4002,10.8445,cm,None,33,None,"Rabbies / Tassè - Pondasio"
rz.218,IT,"Sarca @ Sarche",46.033001,10.9465,cm,30,60,None,"Sarca / Basso delle Marocche (Pietramurata - Gagiolo) | Sarca / Basso delle Marocche (Centrale Enel - Dro) | Sarca / Medio (Terme di Comano - Villa Banale)"
rz.219,IT,"Sarca @ Spiazzo",46.1022,10.739,cm,60,100,120,"Sarca / Alto (Strembo - Tione)"
rz.22,IT,"Mingardo @ Alfano",40.174999,15.4311,cm,95,120,160,"Faraone / Rofrano - Alfano"
rz.220,IT,"Travignolo @ Predazzo",46.308399,11.6013,cm,None,None,None,"Travignolo / Alto / Illegale"
rz.221,IT,"Vanoi @ Caoria",46.197498,11.6703,m³/s,7,13,None,"Vanoi / Basso (Canal San Bovo - Moline) | Vanoi / Alto (Ponte Serrai - Centralina) | Vanoi / Altissimo (Refavaie - Chiesa del Pront) | Vanoi / Medio (Centralina - Caoria)"
rz.222,IT,"Vermigliana @ Vermiglio",46.290298,10.6841,cm,25,33,None,"Vermigliana / Vermiglio - Fucine"
rz.223,IT,"Adige @ Verona",45.4426,11.0015,m³/s,50,230,None,"Adige/Etsch / Chievo - Ponte della Ferrovia | Adige/Etsch / Spot Ponte della Ferrovia | Adige/Etsch / Slalom Chievo"
rz.224,IT,"Astico @ Lugo di Vicenza",45.740398,11.5233,cm,15,40,None,"Astico / Piovene Rocchette - Lugo"
rz.225,IT,"Astico @ Pedescala",45.8447,11.3673,cm,48,55,65,"Astico / Alto (Buse - Busatti)"
rz.227,IT,"Boite @ Cancia",46.431198,12.2221,cm,10,20,None,"Boite / Classico (Cortina - San Vito di Cadore) | Boite / Spiaggia Verde - Cadin di Sotto | Boite / Canyon (Vodo - Valle di Cadore)"
rz.228,IT,"Brenta @ Barzizza",45.777401,11.7305,cm,82,100,None,"Brenta / Spot Valstagna | Brenta / Spot Ponte Nuovo | Brenta / Campo Slalom Valstagna | Brenta / San Gaetano - Contarini"
rz.229,IT,"Cordevole @ Ponte Mas",46.154301,12.1252,cm,20,None,140,"Cordevole / Ponte Mas - Bribano | Mis / Piz - Bribano | Ardo / Brent de l'Art - Farra | Limana / "
rz.230,IT,"Piave @ Ponte della Lasta",46.537601,12.5216,cm,65,None,None,"Piave / Santo Stefano - Ponte della Lasta"
rz.231,IT,"Tesina @ Bolzano Vicentino",45.600899,11.6209,cm,190,None,None,"Tesina / Spot Bolzano Vicentino | Tesina / Spot Quinto Vicentino"
rz.3,IT,"Rio Arno @ Ponte Rio Arno (TE)",42.554199,13.5481,cm,None,None,None,"Vomano / Aprati - Cerqueto"
rz.31,IT,"Aveto @ Salsominore",44.632702,9.4053,cm,205,210,225,"Aveto / Diga di Boschi - Ruffinati | Aveto / Ruffinati - Confluenza Trebbia"
rz.32,IT,"Baganza @ Berceto",44.503601,9.9931,cm,35,None,None,"Baganza / Berceto - Calestano"
rz.33,IT,"Cedra @ Selvanizza",44.439999,10.2357,cm,200,230,None,"Cedra / Ponte per Lugagnano - Centrale di Isola"
rz.330,IT,"Ombrone @ Sasso d'Ombrone",42.934898,11.3219,cm,-25,None,None,"Ombrone / Sasso d'Ombrone - Paganico"
rz.331,IT,"Ombrone @ Buonconvento",43.1353,11.4761,cm,25,None,None,"Ombrone / Molino di Pari - Sasso d'Ombrone"
rz.333,IT,"Cecina @ Masso degli Specchi",43.301899,10.9528,cm,90,None,None,"Cecina / Ponte di Monteguidi - Ponte Saline Volterra"
rz.334,IT,"Reno @ Pracchia",44.0555,10.9067,cm,35,None,None,"Limentra di Sambuca / San Pellegrino - Sambuca Pistoiese"
rz.335,IT,"Bidente di Ridracoli @ Diga di Ridracoli",43.872799,11.8368,m³/s,8,11,None,"Bidente di Ridracoli / Ponte Romano - S.Sofia"
rz.336,IT,"Adda @ Le Prese",46.350498,10.3552,cm,None,None,None,"Adda / Le Prese - Grosotto"
rz.338,IT,"Calore @ Castel S.Lorenzo",40.422501,15.2422,cm,40,60,70,"Calore Cilentano / Gole di Laurino | Calore Cilentano / Gole di Felitto"
rz.339,IT,"Bussento @ Morigerati",40.1339,15.5439,cm,None,None,None,"Bussento / Gole"
rz.340,IT,"Sele @ Contursi",40.651402,15.2297,cm,None,None,None,"Sele / Ponte Oliveto - Confluenza Tanagro"
rz.341,IT,"Tanagro @ Sicignano",40.604401,15.2925,cm,40,55,None,"Tanagro / Ponte per Sicignano - Stazione di Contursi | Sele / Confluenza Tanagro - Artificiale"
rz.342,IT,"Sangro @ Villetta Barrea (AQ)",41.777199,13.9192,cm,None,None,None,"Sangro / Confluenza Fondillo - Lago di Barrea"
rz.343,IT,"Platano @ Romagnano",40.611698,15.4517,cm,-115,None,None,"Platano / Stazione FS Muro Lucano - Balvano | Platano / Balvano - Romagnano"
rz.344,IT,"Lao @ Laino Borgo",39.953602,15.9767,cm,50,80,None,"Lao / Laino Borgo - Grotta del Romito | Lao / Grotta del Romito - Papasidero"
rz.345,IT,"Noce Lucano @ Castrocucco",39.992199,15.8019,cm,135,155,175,"Noce Lucano / Ponte Rivello - Centrale | Noce Lucano / Fiumicello - Ponte Rivello"
rz.346,IT,"Volturno @ Ponte Venticinque Archi",41.5186,14.1375,cm,None,None,None,"Volturno / Cerro - Colli | Volturno / Colli - Montaquila"
rz.35,IT,"Ceno @ Ponteceno",44.540298,9.6032,cm,20,25,None,"Ceno / Ponte Ceno - Ponte Lecca"
rz.36,IT,"Dolo @ Ponte Dolo",44.373798,10.6137,cm,None,None,None,"Dolo / Gole (Case Rossi - Ponte Dolo) | Dolo / Civago - Fontanaluccia"
rz.37,IT,"Enza @ Vetto",44.493401,10.33,cm,65,90,None,"Enza / Altissimo (Montedello - Selvanizza) | Enza / Alto (Selvanizza - La Mora) | Enza / Vetto - Frantoio della Cantoniera"
rz.38,IT,"Fiumi Uniti Montone @ Rocca San Casciano",44.060799,11.8444,cm,22,None,None,"Montone / "
rz.39,IT,"Fiumi Uniti Ronco @ S. Sofia",43.941299,11.9052,cm,70,95,None,"Bidente di Pietrapazza / "
rz.40,IT,"Lamone @ Marradi",44.0774,11.6139,cm,45,60,None,"Lamone / Cascate di Valbura - Biforco | Campigno / Val di Mora - Biforco"
rz.407,IT,"Adige/Etsch @ Spondigna/Spondinig",46.636501,10.6035,m³/s,None,None,None,"Adige/Etsch / Latschander (Laces - Castelbello) | Adige/Etsch / Lasa/Laas - Covelano/Göflan"
rz.41,IT,"Leo @ Fanano",44.203899,10.7991,cm,None,None,None,"Dardagna / La Cà - Ponte SP324 | Fellicarolo / 1° Ponte - Confluenza Ospitale | Leo /  | Ospitale / "
rz.43,IT,"Panaro @ Ponte Samone",44.356602,10.9227,cm,None,None,None,"Panaro / Confluenza Leo-Scoltenna - Ponte Samone"
rz.47,IT,"Reno @ Vergato",44.2878,11.1131,cm,None,None,None,"Limentra / "
rz.50,IT,"Savena @ Loiano Ponte Savena",44.2682,11.292,cm,50,None,None,"Savena / Villa - Molino Grillara"
rz.52,IT,"Scoltenna @ Ponte Val di Sasso",44.272598,10.8188,cm,125,None,None,"Perticara / S.Anna Pelago - Pievepelago | Rio Delle Tagliole /  | Scoltenna / Gole (Riolunato - Ponte Strettara) | Scoltenna / Pian della Valle - Casa Pattarozzi"
rz.53,IT,"Senio @ Casola Valsenio",44.2271,11.6323,cm,-130,-110,None,"Senio / Palazzuolo - Pieve di Misileo"
rz.54,IT,"Taro @ Ostia Parmense (Borgotaro)",44.514099,9.8422,cm,115,None,None,"Taro / Classico (Ostia Parmense - Ghiare)"
rz.56,IT,"Taro @ Tornolo",44.491501,9.6306,cm,135,None,None,"Taro / Alto (Pontestrambo - Piane di Carniglia)"
rz.57,IT,"Trebbia @ Bobbio",44.7551,9.3837,cm,58,None,None,"Trebbia / Gole (Marsaglia - Bobbio)"
rz.58,IT,"Trebbia @ Rivergaro",44.900398,9.5821,cm,25,70,None,"Trebbia / Bobbio - Perino"
rz.59,IT,"Trebbia @ Valsigiara",44.640202,9.3301,cm,15,30,None,"Trebbia / Gorreto - Valsigiara"
rz.60,IT,"Arzino @ S.Francesco",46.3134,12.934,cm,None,None,None,"Arzino / Gola 1 (Valentins - Cerdevol) | Arzino / Gola 4 (Fraponti - Pert)"
rz.62,IT,"Cellina @ Lesis",46.272099,12.5446,cm,-25,10,20,"Cellina / Alto (Scivolo artificiale - Lesis)"
rz.63,IT,"Cellina @ Prescudin",46.2038,12.5145,cm,12,25,None,"Cellina / Tutti i tratti | Cellina / Classico  (Confluenza Rio Ferron - Ponte Mezzo Canale) | Settimana / Basso"
rz.64,IT,"Cornappo @ Molmentet",46.1898,13.2667,cm,45,None,None,"Cornappo / Debellis - Torlano"
rz.68,IT,"Raccolana @ Chiusaforte",46.404701,13.3175,cm,None,None,None,"Raccolana / Centrale Idroelettrica - Ponte SP76 Chiusaforte | Raccolana / Artificiale - Centrale Idroelettrica"
rz.69,IT,"Resia @ Resiutta",46.388901,13.2212,cm,144,160,None,"Resia / Alto (Coritis - Ponte per Stolvizza) | Resia / Medio (Ponte per Stolvizza - Prato) | Resia / Basso (Confl. Rio Barman - Povici di Sotto)"
rz.7,IT,"Ayasse @ Champorcher - Chardonney",45.620602,7.6087,cm,30,40,None,"Ayasse / Trambesere - La Chataigne | Ayasse / Cascate (Serquere – Hône) | Ayasse / Pontboset - Frontiere"
rz.71,IT,"Slizza @ Tarvisio",46.504299,13.5939,cm,75,110,None,"Slizza / Orrido dello Slizza (Tarvisio - Caserma Meloni)"
rz.72,IT,"Tagliamento @ Venzone",46.3353,13.1348,cm,0,60,None,"Tagliamento / Portis - Ospedaletto | Tagliamento / Cimano - Pinzano"
rz.74,IT,"Aniene @ Subiaco",41.923,13.0928,cm,255,None,None,"Aniene / Confluenza Simbrivio - Monastero | Aniene / Subiaco - Madonna della Pace | Aniene / Diga S. Cosimato - Km 42 Tiburtina"
rz.75,IT,"Fiora @ Montalto di Castro",42.353802,11.5988,cm,365,None,None,"Fiora / Vulci - Montalto di Castro"
rz.76,IT,"Melfa @ Atina",41.629501,13.7695,cm,38,50,60,"Melfa / Gole (Casalvieri - Ponte delle Valli)"
rz.77,IT,"Melfa @ Roccasecca",41.536201,13.6477,cm,20,35,60,"Melfa / Basso (Ponte delle Valli - Ponte dello Spirito Santo)"
rz.78,IT,"Mignone @ Mignone SS Aurelia",42.194698,11.7861,cm,150,None,None,"Mignone / Canale Monterano - Ponte di Rota"
rz.79,IT,"Paglia @ Paglia a Proceno",42.764198,11.8564,cm,110,None,None,"Paglia / Acquapendente - Allerona"
rz.80,IT,"Argentina @ Montalto Ligure",43.930698,7.842,cm,172,None,None,"Argentina / Badalucco - Centralina Enel | Argentina / Molini - Agaggio Inferiore | Argentina / Molino di Carpenosa - Badalucco"
rz.84,IT,"Bormida @ Murialdo",44.313202,8.1598,cm,None,None,None,"Bormida di Millesimo / "
rz.86,IT,"Entella @ Panesi",44.342098,9.3562,cm,-100,-75,None,"Entella / Carasco - Foce"
rz.88,IT,"Nervia @ Isolabona",43.877701,7.6376,cm,100,110,125,"Nervia / Pigna - Isolabona"
rz.89,IT,"Neva @ Cisano",44.085499,8.1457,cm,120,150,180,"Pennavaira / Nasino - Teccio"
rz.90,IT,"Orba @ Tiglieto",44.5256,8.6084,cm,120,150,180,"Acquabianca / Acquabianca - Abbadia di Tiglieto | Orba / Lago di Ortiglieto - Località Serralunga | Orba / Martina SP1 - Tiglieto"
rz.91,IT,"Petronio @ Sestri Levante - Sara",44.27,9.4297,cm,80,None,None,"Petronio / Castiglione Chiavarese - Ponte Bivio per Masso"
rz.92,IT,"Roya @ Airole",43.873199,7.5448,cm,None,None,None,"Roya / Sopra Dogana Francese - Airole"
rz.93,IT,"Sansobbia @ Stella S.Giustina",44.415798,8.4825,cm,50,None,None,"Sansobbia / Stella - Ellera"
rz.94,IT,"Stura del Turchino @ Campo Ligure",44.542599,8.6939,cm,100,None,None,"Stura del Turchino / "
rz.95,IT,"Vara @ Nasceto",44.278099,9.656,cm,215,None,None,"Gottero / 1Km sopra Airola - Confluenza Vara | Vara / Gole - Sesta Godano"
rz.96,IT,"Vobbia @ Vobbietta",44.636002,8.9815,cm,None,None,None,"Rio Tonno /  | Vobbia / Vobbia - Vobbietta"
rz.97,IT,"Mincio @ Deflusso Monzambano",45.393902,10.7116,m³/s,90,120,None,"Mincio / Spot Monzambano 2 | Mincio / Spot Valeggio"
rz.98,IT,"Adda @ Teglio",46.1586,10.0381,cm,None,None,None,"Adda / Stazzona - Chiuro | Adda / Chiuro - Piateda"
rz.99,IT,"Brembo @ Ponte Briolo",45.710201,9.5874,cm,105,150,None,"Brembo / San Giovanni Bianco - San Pellegrino | Brembo / San Pellegrino - Zogno | Enna / 2° Centrale - Ponte per Cantalto | Brembo / Campo Slalom San Pellegrino"
visual.41,IT,"Pescara @ Livio (manuale)",46.396099,11.0352,cm,10,15,20,"Pescara / Frari - Ponte a Livo"
visual.42,IT,"Silisia @ Lago di Ca Selva",46.255299,12.6997,cm,20,35,60,"Silisia / Lago - Chievolis"
pernica,ME,"Morača @ Pernica",42.712898,19.371099,cm,None,None,None,"Morača / Upper | Morača / Middle | Morača / Kanjon"
rz.1312,ME,"Tara @ Đurđevića Tara",43.144699,19.297501,cm,None,None,None,"Tara / Djavole lazi | Tara / Kanjon (Splavište - Brštanovica) | Tara / Brštanovica - Ščepan polje"
rz.1313,ME,"Tara @ Mojkovac",42.956699,19.5763,cm,None,None,None,"Tara / Biogradska gora - Mojkovac | Tara / Mojkovac - Kaludra"
rz.1314,ME,"Bijela @ Gornja Bijela",42.9039,19.151699,cm,None,None,None,"Bijela / "
rz.1315,ME,"Cijevna @ Trgaj",42.394699,19.3829,cm,None,None,None,"Cijevna / "
rz.1316,ME,"Morača @ Zlatica",42.483799,19.3069,cm,None,None,None,"Morača / Lower"
rz.1317,ME,"Mrtvica @ Međuriječje",42.720299,19.367001,cm,None,None,None,"Mrtvica / Hike-in"
rz.1667,ME,"Bukovica @ Timar",42.960999,19.1866,cm,None,None,None,"Bukovica / Lower | Bukovica / Upper"
rz.1668,ME,"Lim @ Plav",42.608299,19.927,cm,None,None,None,"Lim / "
trebaljevo,ME,"Tara @ Trebaljevo",42.861801,19.5257,cm,None,None,None,"Tara / Upper upper | Tara / Kolašin - Trebaljevo | Tara / Trebaljevo - Biogradska gora"
rz.1400,NL,"Vecht @ Hardenberg Slalom Channel",52.5714,6.6146,m³/s,1.5,3.5,5.5,"Vecht / Hardenberg Slalom Course"
nve.0002.00032.000,NO,"Atna @ Atnasjø",61.851898,10.2221,m³/s,15,25,35,"Atna / Lower (Atnabrua - Trobrua) | Setninga / Sjøll - Mogrenda | Atna / Lower (Trobrua - Mogrenda)"
nve.0002.00129.000,NO,"Folla @ Dølplass",62.1922,10.4511,m³/s,18,30,50,"Folla / Moan - Dølplass"
nve.0002.00265.000,NO,"Rena @ Unsetåa",61.946098,11.0835,m³/s,10,25,45,"Unsetåa / Gorge (Fellinga - Elvål) | Speka / Helgesvollen - Spekehogget"
nve.0002.00267.000,NO,"Mistra @ Mistra bru",61.711102,11.2419,m³/s,12,30,50,"Mistra / Balstadmistersætra - Renåskarven | Mistra / Gorge (Renåskarven - Misteregga)"
nve.0002.00268.000,NO,"Bøvri @ Akslen",61.799599,8.4472,m³/s,25,40,55,"Bøvra / Lower (Flåklypa - Lom)"
nve.0002.00284.000,NO,"Finna @ Sælatunga",61.884399,9.0621,m³/s,7,19,30,"Finna / Skjerva Bridge - Vågåmo | Skjerva / Upper (- Milthaugen) | Skjerva / Lower (Dalgrovi - Skogen)"
nve.0002.00290.000,NO,"Bøvri @ Brustuen",61.7262,8.296,m³/s,10,20,30,"Bøvra / Upper (Dalsvatnet - Rustadjuvet)"
nve.0002.00291.000,NO,"Tora @ Tora",62.007702,7.8664,m³/s,25,32,40,"Otta / Vulavatnet - Pollfoss | Otta / Heimdalsvatnet - Stuttongen"
nve.0002.00303.000,NO,"Jora @ Dombås",62.087101,9.1018,m³/s,10,15,20,"Jori / Upper | Jori / Lower (Reindøl - Dombås) | Lora / Nysætra - Nybru | Lora / Gorge (Nybru - )"
nve.0002.00439.000,NO,"Åsta @ Kvarstadseter",61.178501,10.8933,m³/s,14,None,40,"Åsta / Holmbua - Åsta"
nve.0002.00479.000,NO,"Atna @ Li bru",62.009998,10.0003,m³/s,5,6,7,"Atna / Upper (Dørålseter - Elgvasslii)"
nve.0002.00578.000,NO,"Imsa @ Søndre Imssjøen",61.547901,10.6618,m³/s,6,12,18,"Imsa / Upper (Søndre Imssjøen - ) | Imsa / Lower (Nybru - Imsroa) | Hira / Storfjellsætra - Hirkjolen | Hovda / Nierbua - Sætre | Hovda / Bjørnbergsbua - Nierbua | Hira / Hirkjolen - Dammyra"
nve.0002.00595.000,NO,"Sjoa @ Faukstad",61.709599,9.4252,m³/s,30,40,55,"Sjoa / Ridderspranget | Sjoa / Åsengjuvet | Sjoa / Playrun | Sjoa / Åmot | Sjoa / Slalom | Sjoa / Steinholet"
nve.0012.00070.000,NO,"Randselva @ Etna",60.9519,9.6262,m³/s,10,22,35,"Etna / Etnesenn - Brendabrua | Etna / Brendabrua - Hestkinn | Etna / Hestkinn - Flatoygarden | Etna / Espeset - Lii | Etna / Høljerast - Kvernstugu | Rotvolla / Bergskardstølen - Brendabrua"
nve.0012.00209.000,NO,"Urula @ Urula",60.558102,9.8757,m³/s,8,15,22,"Urula /  | Åslielva / Åsli - Nerby"
nve.0012.00215.000,NO,"Hemsil @ Storeskar",60.891701,8.3328,m³/s,8,13,18,"Mørkedøla / Storeskard - Lio"
nve.0015.00021.000,NO,"Jondalselva @ Jondalselv",59.707298,9.5548,m³/s,8,13,17,"Jondalselva / Upper (Buvannet - Jondalen) | Jondalselva / Lower (Saga - Stengelsrud) | Bingselva / Svartbekk - Steinsrud | Hjuksa / Kloppa - Hjuksevelta | Skirva / Bakkåsen - Tinnsjøen | Bjørvassåi / Lonin - Fosso"
nve.0015.00079.000,NO,"Numedalslågen @ Ossjøen",60.382099,8.2639,m³/s,20,60,100,"Numedalslågen / Orsjoren - Dagali"
nve.0016.00128.000,NO,"Austbygdåi @ Austbygdåi",59.9953,8.8277,m³/s,11,22,30,"Austbygdåi / Middle (Nyrud - Hagen) | Austbygdåi / Lower (Hagen - Austbygd) | Mår / Steinsbølet - Flåten | Gøyst / Lien - Atrå"
nve.0016.00155.000,NO,"Skogsåi @ Sønnlandsvatn",59.703899,8.8588,m³/s,6,14,21,"Skogsåa / Sønnlandsvatnet - Brenneveltåsen | Skogsåa / Brenneveltåsen - Koparviken"
nve.0062.00010.000,NO,"Vossovassdraget @ Myrkdalsvatn",60.799198,6.5016,m³/s,12,22,32,"Strandelvi / Sundve - Taulen | Strandelvi / Moneydrop - Lønavatnet | Strandelvi / Moneydrop"
nve.0100.00001.000,NO,"Valldøla @ Valldøla v/Alstad",62.329399,7.4832,m³/s,15,20,25,"Valldøla / Upper (Byksebrua - Øvstestølen) | Valldøla / Middle (Langdalen - Grønning) | Valldøla / Lower (Hol - Valldal)"
nve.0103.00001.000,NO,"Ulvåa @ Ulvåa v/Storhølen",62.280499,8.1178,m³/s,20,30,45,"Ulvåa / Upper (Tunga - Kabben) | Ulvåa / Lower ( - Brøste)"
nve.0103.00003.000,NO,"Rauma @ Rauma v/Stuguflåten",62.2766,8.1531,m³/s,7,11,15,"Rauma / Upper (Bjorli - Stuguflåten)"
nve.0109.00009.000,NO,"Driva @ Driva v/Risefoss",62.511398,9.5926,m³/s,9,15,22,"Driva / Kongsvoll (Kongsvoll - Tandsætra)"
nve.0109.00020.000,NO,"Driva @ Driva v/Grensehølen",62.572102,9.159,m³/s,20,50,80,"Driva / Oppdal (Mellem - Olbu) | Driva / Romfo (Romfo - Faleøyan) | Driva / Gråura (Ishol - Liahjell) | Grøvu / Lower (Myra - Gjøra) | Grøvu / Lower (Fjellgardan - Myra)"
nve.0122.00014.000,NO,"Bua @ Lillebudal bru",62.823399,10.5486,m³/s,6,12,17,"Bua / Upper (Enodden - Buabrua) | Bua / Lower (Buabrua - Kjellbrua) | Ena / Middle (Endalsvollen - Solemsvoll) | Ena / Upper (Sværdalsvollan - Endalsvollen) | Fora / Kistskarven - Råa | Fora / Forbygda - Singsås"
nve.0122.00017.000,NO,"Sokna @ Hugdal bru",62.994099,10.2464,m³/s,25,50,75,"Sokna / Upper (Soknedal - Snøan) | Sokna / Lower (Snøan - Støren) | Hauka / Upper (Økdalsmoen - Håggån) | Stavilla / Upper (Haugsætra - Svarthåsen) | Ila / Bjørset - Larssetlykkja | Hauka / Lower (Håggån - Snøan) | Stavilla / Upper (Svarthåsen - Stensåsen) | Stavilla / Lower (Stensåsen - Soknedal)"
nve.0123.00031.000,NO,"Garbergselva @ Kjeldstad i Garbergelva",63.266201,11.1311,m³/s,7,16,25,"Garbergelva / Storvollen - Langli"
nve.0124.00002.000,NO,"Forra @ Høggås bru",63.492901,11.3583,m³/s,35,55,75,"Vigda / Aurvollen - Vallneset"
nve.0151.00015.000,NO,"Vefsna @ Nervoll",65.437599,13.986,m³/s,30,48,65,"Susna / Classic (Kroken - Baklia) | Susna / Mikkeljord - Unkerelva"
nve.0311.00004.000,NO,"Trysilelva @ Femundsenden (Femunden)",61.919998,11.94,m³/s,15,35,55,"Gløta / Rystallbakken - Gløtberget | Trysilelva / Femundsundet - Elvbrua"
rz.1168,NO,"Ostri @ Liavatn",61.854198,7.7629,m³/s,11,18,25,"Ostri / Liavatnet - Dyringen"
pl.149200080,PL,"Mszanka @ Mszana Dolana",49.674301,20.0804,cm,130,140,None,"Konina / Standard | Koninka / Standard"
pl.149200100,PL,"Bialka @ Lysa Polana",49.263599,20.115,cm,190,210,240,"Bialka / Upper (Prohibited!)"
pl.149200110,PL,"Bialka @ Trybsz 2",49.417801,20.1175,cm,None,None,None,"Bialka / Standard | Bialka / Lower"
pl.149200120,PL,"Niedziczanka @ Niedzica",49.411301,20.302299,cm,170,195,230,"Kacwinianka / Waterfall"
pl.149200150,PL,"Ochotnica @ Tylmanowa",49.5172,20.3869,cm,None,None,None,"Kamienica Gorczanska / Standard"
pl.150150030,PL,"Kamienna @ Jakuszyce",50.822701,15.4397,m³/s,None,3,None,"Kamienna / Upper"
pl.150150050,PL,"Kamiena @ Piechowice",50.850101,15.5732,cm,140,160,180,"Kamienna / Motocross | Kamienna / Szklarka stream - Piechowice | Kamienna / Szklarska Poreba PKS - Szklarka stream"
pl.150150190,PL,"Podgorna @ Podgorzyn",50.820301,15.6832,cm,120,130,None,"Podgorna / Standard"
pl.150160110,PL,"Bystrzyca Dusznicka @ Szalejów Dolny",50.419701,16.6047,m³/s,6,12,30,"Bystrzyca Dusznicka / Szczytna - Polanica Zdrój"
rz.1216,PL,"Biała Wisełka @ WISŁA-CZARNE (Biała Wisełka)",49.618099,18.9356,m³/s,3,6,10,"Biała Wisełka / Roadside"
rz.1217,PL,"Wieprzówka @ RUDZE",49.9617,19.442499,m³/s,8,None,30,"Wieprzówka / Zagórnik Łupki Skalne"
rz.1308,SI,"Kolpa @ Petrina",45.463902,14.8518,m³/s,None,None,None,"Kolpa / Osilnica - Bosljiva Loka | Kolpa / Bosljiva Loka - Kuželj"
rz.155,SI,"Bistrica @ Bohinjska Bistrica",46.273499,13.9501,m³/s,7,10,15,"Bohinjska Bistrica / "
rz.156,SI,"Idrijca @ Podroteja",45.986698,14.0307,m³/s,15,45,90,"Idrjica / Idrija - Otalež | Idrijca / Upper"
rz.157,SI,"Iška @ Iška vas",45.936199,14.5146,m³/s,8,15,20,"Iška / "
rz.162,SI,"Krka @ Soteska",45.7794,15.0192,m³/s,None,None,None,"Krka / Šmihel - Žužemberk"
rz.1620,SI,"Kokra @ Kokra",46.305801,14.4989,m³/s,15,None,30,"Kokra / "
rz.163,SI,"Nadiža @ Potoki",46.2486,13.5016,m³/s,10,22,35,"Nadiža/Natisone / Alto"
rz.164,SI,"Sava @ Šentjakob",46.084,14.5824,m³/s,30,70,120,"Sava / Slalom Tacen"
rz.165,SI,"Sava Bohinjka @ Bodešče",46.3419,14.1419,m³/s,15,45,90,"Sava Bohinjka /  | Savica /  | Radovna / Upper (Perniki - Vintgar) | Radovna / Vintgar"
rz.166,SI,"Savinja @ Nazarje",46.321201,14.9524,m³/s,80,100,120,"Savinja / Solčava - Luče | Savinja / Raduha - Ljubno | Savinja / Ljubno - Nazarje"
rz.167,SI,"Soča @ Kobarid",46.247299,13.5864,m³/s,7,40,150,"Soča / Cave/Friedhofstrecke (Srpenica 2 - Trnovo 1) | Soča / Slalom Bovic | Soča / Cataract Section (Trnovo - Otona) | Soča / Quarta Gola/Abseilstrecke (Otona - Kobarid) | Soča / Kobarid - Kamno"
rz.1674,SI,"Krka @ Podbukovje",45.876701,14.785,m³/s,None,None,None,"Krka / Vas Krka - Zagradec | Krka / Zagradec - Šmihel"
rz.168,SI,"Soča @ Kršovec",46.336899,13.5986,m³/s,10,18,30,"Soča / Prima Gola/Bunker Run (Lepena - Zmuklica) | Soča / Girklca (Zmuklica - Čezsoča)"
rz.169,SI,"Soča @ Log Čezsoški",46.3148,13.4946,m³/s,5,30,100,"Soča / Čezsoča - Srpenica"
rz.170,SI,"Tržiška Bistrica @ Preska",46.3578,14.2996,m³/s,12,15,20,"Tržiška Bistrica / Dovžanova Soteska"
rz.171,SI,"Učja @ Žaga",46.3097,13.4778,m³/s,10,15,20,"Učja / Učja - Žaga"
rz.1729,SI,"Koritnica @ Kal-Koritnica",46.3414,13.5755,m³/s,5,15,25,"Koritnica / Kluže - Soča confluence"
rz.1370,SK,"Belá @ Podbanské",49.141399,19.9042,cm,55,None,100,"Belá / Tichá Dolina - Podbanské | Belá / Podbanské - Kokavský most | Belá / Kokavský most - Pribilina | Belá / Pribilina - Kaštieľ Hrádok"
rz.1371,SK,"Dunajec @ Červený Kláštor",49.403702,20.4237,cm,15,70,200,"Dunajec / Červený Klaštor - Lesnica"
rz.1372,SK,"Kľak @ Žarnovica",48.483601,18.716999,cm,50,60,80,"Kľak / Ostrý Grúň - Horné Hámre"
rz.1373,SK,"Hornád @ Hrabušice",48.970402,20.397699,cm,75,83,130,"Hornád - Gorge / Prielom Hornádu Hrabušice - Sp. Tomášovce"
rz.1375,SK,"Cirocha @ Snina",48.986301,22.1465,cm,95,120,150,"Cirocha / Starina dam - Stakčín"
rz.1378,SK,"Studený potok @ Oravský Biely Potok",49.284599,19.544201,cm,75,90,110,"Studený potok - Orava / Habovka - Podbiel"
rz.1379,SK,"Torysa @ Torysa",49.158798,20.881599,cm,43,None,70,"Torysa / Tichý Potok - Brezovica"
rz.1382,SK,"Poprad @ Chmelnica",49.2892,20.7302,cm,75,100,135,"Poprad / Stará Ľubovňa - Mníšek nad Popradom"
rz.1385,SK,"Boca @ Malužiná",48.977901,19.775999,cm,75,95,120,"Boca / Malužiná - Radovica"
rz.1387,SK,"Váh @ Liptovský Mikuláš",49.086399,19.6035,cm,50,None,200,"Váh / Areál vodného slalomu - Liptovský Mikuláš"
rz.1388,SK,"Bystrica @ Nová Bystrica",49.345501,19.032499,cm,75,None,115,"Bystrica / Nová Bystrica - Krásno nad Kysucou"
rz.1390,SK,"Mošonský Dunaj @ Čunovo",48.0266,17.217899,cm,75,None,250,"Dunaj / Divoká voda - Čunovo"
rz.1391,SK,"Revúca @ Podsuchá",48.991798,19.284901,cm,80,100,120,"Revúca / Vyšné Revúce - Liptovská Osada"
rz.1392,SK,"Štiavnička @ Mýto pod Ďumbierom",48.854698,19.634701,cm,45,55,65,"Štiavnička / Kyslá - Mýto pod Ďumbierom | Štiavnička / Mýto pod Ďumbierom - Bystrá"
rz.1393,SK,"Bystrianka @ Bystrá",48.845699,19.6063,cm,50,60,70,"Bystrianka / NP - Bystrá | Bystrianka / Bystrá - Piesok"
rz.1398,SK,"Torysa @ Nižné Repaše",49.0825,20.697599,cm,45,55,70,"Torysa / Nižné Repaše - Tichý Potok"
rz.1403,SK,"Zázrivka @ Párnica",49.191299,19.191099,cm,73,85,95,"Zázrivka / Sokol - Párnica"
rz.1404,SK,"Varínka @ Stráža",49.223999,18.907801,cm,60,80,100,"Varínka / Terchová - Varín"
rz.1405,SK,"Vlára @ Horné Srnie",48.991798,18.105301,cm,140,175,210,"Vlára / Rybníky - Nemšová"
rz.1406,SK,"Dobšinský potok @ Dobšiná",48.819401,20.371599,cm,100,120,150,"Dobšinský potok / Dobšiná - Vodná nádrž"
rz.1407,SK,"Hnilec @ Stratená",48.8685,20.3479,cm,85,95,110,"Hnilec / Dobšinská jaskyňa - Stratenská píla"
rz.1411,SK,"Polhoranka @ Oravská Polhora",49.532398,19.429199,cm,65,80,95,"Polhoranka / Oravska Polhora - Rabča"
rz.1412,SK,"Oravica @ Trstená",49.353001,19.5949,cm,150,170,190,"Oravica / Oravice - Vitanová | Oravica / Vitanová - Tvrdošín"
rz.1417,SK,"Poprad @ Mengusovce",49.083599,20.142401,cm,50,80,120,"Poprad / Mengusovce - Svit | Poprad / Upper / Illegal"
rz.1418,SK,"Demänovka @ Demänová",49.0327,19.572201,cm,35,50,70,"Demänovka / Demänovska dolina - Pavčina Lehota"
rz.1419,SK,"Bystrica @ Harmanec-Papiereň",48.788601,19.0996,cm,50,65,75,"Starohorský potok / Stare Hory - Uľanka"
rz.1420,SK,"Jaseniansky potok @ Jasenie",48.833599,19.4627,cm,75,85,95,"Jaseniansky potok / Kyslá - Jasenie"
rz.1421,SK,"Štiavnica @ Liptovský Ján",49.047199,19.680599,cm,80,90,110,"Štiavnica / Jánska dolina"
rz.1437,SK,"Kvačianka @ Liptovská Sielnica",49.146599,19.52,cm,130,145,155,"Kvačianka / Kvačianska dolina / Illegal"